17:29:00.017857,82,2400
17:29:00.017857,84,2614
17:29:00.070978,84,2902
17:29:00.123137,84,2676
17:29:00.123137,84,2610
17:29:00.175744,83,2997
17:29:00.175744,83,2919
17:29:00.228125,84,2969
17:29:00.228125,83,3010
17:29:00.228125,84,2992
17:29:00.228125,83,2927
17:29:00.228125,83,2939
17:29:00.280922,83,2585
17:29:00.280922,84,2957
17:29:00.333336,84,3054
17:29:00.333336,83,2967
17:29:00.333336,84,2918
17:29:00.385829,84,2866
17:29:00.385829,83,2918
17:29:00.439135,84,2972
17:29:00.439135,84,3052
17:29:00.491395,83,2921
17:29:00.491395,83,2946
17:29:00.491395,83,2956
17:29:00.544001,84,2846
17:29:00.544001,83,3000
17:29:00.596630,84,2940
17:29:00.648974,82,2967
17:29:00.648974,84,2957
17:29:00.701319,83,2798
17:29:00.754533,84,2717
17:29:00.754533,84,2738
17:29:00.859751,83,3003
17:29:00.859751,84,3042
17:29:00.914935,83,2931
17:29:00.914935,82,2773
17:29:00.914935,83,2952
17:29:00.968650,83,2976
17:29:00.968650,82,2956
17:29:00.968650,83,3065
17:29:01.025067,84,2999
17:29:01.025067,83,2956
17:29:01.077543,83,3152
17:29:01.077543,84,3126
17:29:01.130126,83,3074
17:29:01.182589,83,3087
17:29:01.182589,82,2910
17:29:01.182589,82,2979
17:29:01.236543,84,2716
17:29:01.288737,83,3053
17:29:01.288737,83,3107
17:29:01.341333,83,3083
17:29:01.341333,83,3084
17:29:01.341333,83,3118
17:29:01.446607,84,3122
17:29:01.446607,84,3128
17:29:01.551201,83,3073
17:29:01.603391,83,3129
17:29:01.655816,83,3131
17:29:01.655816,83,3121
17:29:01.708067,85,3093
17:29:01.760035,83,3146
17:29:01.760035,84,3125
17:29:01.812317,83,3107
17:29:01.812317,84,3116
17:29:01.812317,82,3127
17:29:01.812317,82,3165
17:29:01.865102,84,3071
17:29:01.865102,84,3102
17:29:01.865102,83,3167
17:29:01.917498,83,3112
17:29:01.969679,82,3185
17:29:02.021854,85,3060
17:29:02.074016,85,3157
17:29:02.178454,85,3072
17:29:02.230550,85,3092
17:29:02.230550,86,3060
17:29:02.230550,84,3131
17:29:02.283053,84,3144
17:29:02.283053,84,3119
17:29:02.283053,84,3142
17:29:02.335692,84,3151
17:29:02.492187,82,3183
17:29:02.492187,84,3086
17:29:02.544340,83,3128
17:29:02.544340,85,3128
17:29:02.596868,85,3062
17:29:02.596868,84,3051
17:29:02.649326,83,3184
17:29:02.649326,84,3124
17:29:02.649326,85,3089
17:29:02.753857,84,3078
17:29:02.753857,86,2949
17:29:02.858338,83,3181
17:29:02.858338,82,3219
17:29:02.910735,86,2994
17:29:02.910735,86,3026
17:29:02.910735,86,3145
17:29:02.964733,84,3181
17:29:02.964733,83,3214
17:29:03.069720,83,3348
17:29:03.069720,87,3074
17:29:03.122161,87,3259
17:29:03.122161,86,3368
17:29:03.174541,87,3411
17:29:03.174541,86,3348
17:29:03.174541,87,3266
17:29:03.227102,86,3260
17:29:03.227102,90,3702
17:29:03.279285,90,3960
17:29:03.279285,89,4027
17:29:03.279285,89,4063
17:29:03.279285,89,3885
17:29:03.332249,88,3608
17:29:03.332249,87,3561
17:29:03.332249,88,3622
17:29:03.332249,89,3744
17:29:03.385013,89,4364
17:29:03.385013,89,4304
17:29:03.385013,89,4440
17:29:03.385013,89,4397
17:29:03.438182,88,4398
17:29:03.438182,89,4204
17:29:03.438182,89,4223
17:29:03.491421,88,4561
17:29:03.491421,87,4612
17:29:03.491421,87,4574
17:29:03.543911,87,4610
17:29:03.543911,87,4568
17:29:03.596405,87,4310
17:29:03.596405,87,4348
17:29:03.648648,88,4397
17:29:03.648648,88,4398
17:29:03.648648,88,4386
17:29:03.701086,88,4384
17:29:03.701086,88,4584
17:29:03.701086,89,4824
17:29:03.753708,90,5209
17:29:03.753708,90,5145
17:29:03.806414,90,5416
17:29:03.858704,89,5440
17:29:03.858704,89,5532
17:29:03.858704,89,5440
17:29:03.858704,89,5426
17:29:03.964369,88,5889
17:29:03.964369,89,5821
17:29:04.016727,90,5818
17:29:04.016727,90,5950
17:29:04.069236,90,6092
17:29:04.069236,91,5885
17:29:04.069236,91,5923
17:29:04.121906,90,6089
17:29:04.121906,90,6110
17:29:04.174283,90,6138
17:29:04.174283,91,6028
17:29:04.174283,92,5927
17:29:04.226836,92,6005
17:29:04.226836,93,5957
17:29:04.226836,91,6019
17:29:04.279310,92,6123
17:29:04.383615,92,6374
17:29:04.383615,91,6693
17:29:04.436057,91,6783
17:29:04.436057,91,6712
17:29:04.436057,91,6635
17:29:04.436057,92,6480
17:29:04.488539,90,6719
17:29:04.488539,91,6844
17:29:04.488539,91,6765
17:29:04.541086,91,6594
17:29:04.541086,91,6453
17:29:04.593558,92,6452
17:29:04.593558,92,6357
17:29:04.646198,92,6509
17:29:04.698260,91,6736
17:29:04.698260,91,6724
17:29:04.698260,91,6738
17:29:04.750831,91,6873
17:29:04.750831,91,6772
17:29:04.803233,91,6718
17:29:04.855576,87,7853
17:29:04.908131,85,8282
17:29:04.908131,84,8668
17:29:04.960472,83,8884
17:29:04.960472,84,8896
17:29:05.012903,81,9524
17:29:05.012903,81,9573
17:29:05.012903,81,9722
17:29:05.012903,82,9654
17:29:05.012903,82,9630
17:29:05.065835,80,10178
17:29:05.118173,78,11337
17:29:05.118173,77,11558
17:29:05.170759,75,11353
17:29:05.170759,75,11434
17:29:05.170759,74,11829
17:29:05.223111,73,12328
17:29:05.223111,73,13207
17:29:05.275476,73,13145
17:29:05.275476,73,13181
17:29:05.328053,73,13155
17:29:05.328053,73,13275
17:29:05.380443,69,14251
17:29:05.380443,68,14593
17:29:05.432672,68,15080
17:29:05.432672,68,15091
17:29:05.484989,68,15195
17:29:05.484989,68,15309
17:29:05.537547,67,16036
17:29:05.589983,66,16208
17:29:05.589983,194,48696
17:29:05.589983,67,15912
17:29:05.642572,67,16868
17:29:05.694844,65,18393
17:29:05.694844,65,18263
17:29:05.799142,64,20011
17:29:05.799142,65,19704
17:29:06.009412,63,20286
17:29:06.009412,62,20246
17:29:06.009412,62,19899
17:29:06.009412,62,20040
17:29:06.062063,62,20500
17:29:06.062063,62,20697
17:29:06.062063,62,21043
17:29:06.114529,63,20762
17:29:06.114529,63,20565
17:29:06.166995,59,4146
17:29:06.166995,58,4131
17:29:06.166995,57,4530
17:29:06.219407,53,4965
17:29:06.219407,51,5508
17:29:06.219407,51,5835
17:29:06.219407,50,5768
17:29:06.272244,48,5949
17:29:06.272244,46,6227
17:29:06.272244,43,6755
17:29:06.272244,41,6860
17:29:06.377069,33,11370
17:29:06.429356,47,7244
17:29:06.429356,55,5265
17:29:06.481419,67,3231
17:29:06.481419,77,2267
17:29:06.533662,133,2079
17:29:06.533662,151,1767
17:29:06.533662,171,1883
17:29:06.586357,385,186
17:29:06.639001,65535,95
17:29:06.639001,65535,92
17:29:06.639001,65535,79
17:29:06.691407,65535,76
17:29:06.691407,65535,77
17:29:06.691407,65535,80
17:29:06.743872,65535,81
17:29:06.743872,65535,95
17:29:06.796353,65535,77
17:29:06.796353,65535,54
17:29:06.848691,65535,83
17:29:06.848691,271,1609
17:29:06.901161,256,1175
17:29:06.901161,65535,26
17:29:06.953566,65535,47
17:29:06.953566,65535,39
17:29:06.953566,65535,30
17:29:07.006261,65535,73
17:29:07.006261,65535,203
17:29:07.110471,320,9424
17:29:07.162517,319,4958
17:29:07.214806,317,4757
17:29:07.214806,317,4577
17:29:07.214806,316,3542
17:29:07.267371,315,2743
17:29:07.267371,316,2744
17:29:07.319619,315,2051
17:29:07.319619,313,4243
17:29:07.371938,313,2959
17:29:07.371938,313,5648
17:29:07.371938,313,7771
17:29:07.424428,313,9104
17:29:07.424428,312,8331
17:29:07.476949,312,4073
17:29:07.476949,310,5777
17:29:07.476949,310,5327
17:29:07.529594,441,34534
17:29:07.529594,309,2836
17:29:07.581788,309,4597
17:29:07.581788,309,5600
17:29:07.581788,308,5121
17:29:07.634239,308,3762
17:29:07.634239,307,2865
17:29:07.686594,307,1815
17:29:07.686594,307,1812
17:29:07.739006,307,2302
17:29:07.739006,305,1350
17:29:07.739006,306,751
17:29:07.791874,305,515
17:29:07.791874,305,481
17:29:07.844204,65535,10
17:29:07.896485,65535,17
17:29:07.896485,65535,12
17:29:07.948630,65535,10
17:29:07.948630,65535,12
17:29:08.000823,65535,17
17:29:08.000823,65535,12
17:29:08.000823,65535,11
17:29:08.000823,65535,9
17:29:08.053366,65535,8
17:29:08.053366,65535,10
17:29:08.105762,65535,14
17:29:08.105762,65535,9
17:29:08.157880,65535,12
17:29:08.157880,65535,20
17:29:08.157880,65535,11
17:29:08.210272,65535,14
17:29:08.210272,65535,11
17:29:08.262494,65535,8
17:29:08.314818,65535,9
17:29:08.314818,65535,12
17:29:08.314818,65535,20
17:29:08.367471,65535,11
17:29:08.367471,65535,4
17:29:08.419657,65535,17
17:29:08.419657,65535,11
17:29:08.471865,65535,9
17:29:08.471865,65535,14
17:29:08.524192,65535,7
17:29:08.524192,65535,14
17:29:08.576482,65535,5
17:29:08.576482,65535,10
17:29:08.576482,65535,16
17:29:08.629062,65535,14
17:29:08.681014,65535,15
17:29:08.681014,65535,13
17:29:08.733146,65535,138
17:29:08.733146,65535,15
17:29:08.733146,65535,9
17:29:08.785588,65535,15
17:29:08.785588,65535,10
17:29:08.785588,65535,16
17:29:08.785588,65535,9
17:29:08.838257,65535,12
17:29:08.838257,65535,13
17:29:08.838257,65535,12
17:29:08.891153,65535,14
17:29:08.891153,65535,17
17:29:08.891153,65535,16
17:29:08.891153,65535,12
17:29:08.943684,65535,11
17:29:08.943684,65535,19
17:29:08.995856,65535,17
17:29:09.048182,65535,17
17:29:09.048182,65535,16
17:29:09.048182,65535,16
17:29:09.048182,65535,13
17:29:09.100587,65535,8
17:29:09.152788,65535,21
17:29:09.152788,65535,13
17:29:09.152788,65535,12
17:29:09.205064,65535,19
17:29:09.257200,65535,7
17:29:09.257200,65535,7
17:29:09.257200,65535,18
17:29:09.257200,65535,10
17:29:09.361379,65535,13
17:29:09.361379,65535,10
17:29:09.413613,65535,17
17:29:09.413613,65535,13
17:29:09.465806,65535,19
17:29:09.465806,65535,15
17:29:09.465806,65535,15
17:29:09.518425,65535,17
17:29:09.570825,65535,15
17:29:09.570825,65535,14
17:29:09.623371,65535,13
17:29:09.623371,65535,9
17:29:09.623371,65535,14
17:29:09.675781,65535,10
17:29:09.675781,65535,10
17:29:09.728093,65535,15
17:29:09.728093,65535,10
17:29:09.780243,65535,13
17:29:09.780243,65535,12
17:29:09.832364,65535,12
17:29:09.832364,65535,6
17:29:09.832364,65535,11
17:29:09.936512,65535,3
17:29:09.936512,65535,13
17:29:09.936512,65535,13
17:29:09.989086,65535,14
17:29:09.989086,65535,8
17:29:09.989086,65535,10
17:29:10.041259,65535,17
17:29:10.041259,65535,11
17:29:10.093498,65535,14
17:29:10.093498,65535,17
17:29:10.145982,65535,15
17:29:10.145982,65535,18
17:29:10.145982,65535,12
17:29:10.198426,65535,13
17:29:10.198426,65535,12
17:29:10.250689,65535,20
17:29:10.250689,65535,18
17:29:10.302952,65535,13
17:29:10.302952,65535,16
17:29:10.355496,65535,11
17:29:10.408026,65535,14
17:29:10.408026,65535,13
17:29:10.408026,65535,15
17:29:10.460636,65535,9
17:29:10.512697,65535,20
17:29:10.512697,65535,4
17:29:10.512697,65535,9
17:29:10.565104,65535,13
17:29:10.565104,65535,14
17:29:10.565104,65535,9
17:29:10.565104,65535,16
17:29:10.617724,65535,15
17:29:10.617724,65535,12
17:29:10.617724,65535,20
17:29:10.670961,65535,8
17:29:10.670961,65535,16
17:29:10.670961,65535,6
17:29:10.724317,65535,17
17:29:10.724317,65535,16
17:29:10.776593,65535,14
17:29:10.776593,65535,16
17:29:10.776593,65535,19
17:29:10.828922,65535,18
17:29:10.828922,65535,11
17:29:10.828922,65535,16
17:29:10.828922,65535,14
17:29:10.881750,65535,20
17:29:10.881750,65535,29
17:29:10.934070,65535,32
17:29:10.934070,65535,31
17:29:10.934070,65535,27
17:29:10.986863,65535,29
17:29:10.986863,65535,27
17:29:11.091338,65535,34
17:29:11.091338,65535,31
17:29:11.143445,65535,34
17:29:11.143445,65535,34
17:29:11.143445,65535,29
17:29:11.195886,65535,41
17:29:11.248084,65535,30
17:29:11.248084,65535,36
17:29:11.248084,65535,37
17:29:11.300633,65535,27
17:29:11.352789,65535,40
17:29:11.352789,65535,30
17:29:11.352789,65535,34
17:29:11.405154,65535,30
17:29:11.405154,65535,26
17:29:11.405154,65535,30
17:29:11.457804,65535,25
17:29:11.457804,65535,39
17:29:11.510278,65535,37
17:29:11.510278,65535,37
17:29:11.510278,65535,37
17:29:11.510278,65535,35
17:29:11.562866,65535,37
17:29:11.562866,65535,37
17:29:11.562866,65535,40
17:29:11.615457,65535,37
17:29:11.615457,65535,29
17:29:11.615457,65535,37
17:29:11.668078,65535,32
17:29:11.720530,65535,31
17:29:11.772828,65535,29
17:29:11.772828,65535,23
17:29:11.825534,65535,32
17:29:11.825534,65535,28
17:29:11.825534,65535,38
17:29:11.825534,65535,31
17:29:11.878445,65535,19
17:29:11.878445,65535,17
17:29:11.930831,65535,22
17:29:11.930831,65535,29
17:29:11.930831,65535,30
17:29:11.985097,65535,28
17:29:11.985097,65535,26
17:29:11.985097,65535,33
17:29:11.985097,65535,39
17:29:12.039022,65535,41
17:29:12.091168,65535,34
17:29:12.091168,65535,34
17:29:12.144819,65535,36
17:29:12.196767,65535,45
17:29:12.248734,65535,47
17:29:12.248734,65535,44
17:29:12.248734,65535,54
17:29:12.301085,65535,46
17:29:12.301085,65535,40
17:29:12.353811,65535,38
17:29:12.353811,65535,49
17:29:12.406204,65535,51
17:29:12.406204,65535,53
17:29:12.458409,65535,209
17:29:12.458409,2000,793
17:29:12.458409,2000,518
17:29:12.511085,2000,2396
17:29:12.563097,2000,413
17:29:12.563097,2000,326
17:29:12.563097,2000,705
17:29:12.615376,2000,259
17:29:12.615376,2000,227
17:29:12.667992,2000,151
17:29:12.667992,2000,242
17:29:12.720528,2000,121
17:29:12.720528,65535,90
17:29:12.772974,65535,79
17:29:12.825317,65535,110
17:29:12.825317,2000,102
17:29:12.877933,65535,83
17:29:12.877933,65535,80
17:29:12.877933,65535,86
17:29:12.877933,65535,95
17:29:12.930838,2000,154
17:29:12.930838,65535,76
17:29:12.983565,65535,75
17:29:13.035773,65535,69
17:29:13.088081,65535,77
17:29:13.140564,65535,88
17:29:13.140564,65535,90
17:29:13.192624,2000,298
17:29:13.192624,2000,174
17:29:13.192624,2000,194
17:29:13.244985,65535,52
17:29:13.244985,65535,50
17:29:13.244985,65535,48
17:29:13.244985,65535,44
17:29:13.244985,65535,44
17:29:13.298002,65535,42
17:29:13.298002,65535,47
17:29:13.298002,65535,52
17:29:13.351040,65535,49
17:29:13.351040,65535,42
17:29:13.403598,65535,39
17:29:13.403598,65535,41
17:29:13.403598,65535,44
17:29:13.403598,65535,48
17:29:13.456609,65535,53
17:29:13.456609,65535,56
17:29:13.509282,65535,66
17:29:13.509282,65535,75
17:29:13.561772,65535,44
17:29:13.561772,65535,54
17:29:13.561772,65535,52
17:29:13.561772,65535,58
17:29:13.614573,65535,43
17:29:13.614573,65535,35
17:29:13.614573,65535,37
17:29:13.667011,65535,46
17:29:13.667011,65535,43
17:29:13.667011,65535,42
17:29:13.719508,65535,43
17:29:13.719508,65535,39
17:29:13.719508,65535,33
17:29:13.772180,65535,41
17:29:13.772180,65535,35
17:29:13.824863,65535,46
17:29:13.877544,65535,39
17:29:13.877544,65535,31
17:29:13.929974,65535,46
17:29:13.929974,65535,44
17:29:13.982544,65535,49
17:29:13.982544,65535,53
17:29:13.982544,65535,56
17:29:13.982544,65535,63
17:29:14.035116,65535,63
17:29:14.035116,65535,52
17:29:14.035116,65535,67
17:29:14.087739,65535,56
17:29:14.087739,65535,56
17:29:14.140009,65535,60
17:29:14.140009,65535,150
17:29:14.192304,65535,91
17:29:14.296608,2000,106
17:29:14.296608,2000,101
17:29:14.296608,2000,100
17:29:14.349603,65535,87
17:29:14.349603,65535,81
17:29:14.402332,65535,65
17:29:14.402332,65535,68
17:29:14.402332,65535,51
17:29:14.455097,65535,65
17:29:14.455097,2000,164
17:29:14.508727,2000,310
17:29:14.508727,2000,307
17:29:14.508727,2000,272
17:29:14.561359,2000,206
17:29:14.561359,2000,259
17:29:14.614149,2000,358
17:29:14.614149,2000,418
17:29:14.666768,2000,325
17:29:14.719081,524,377
17:29:14.719081,424,413
17:29:14.771392,354,574
17:29:14.823856,355,415
17:29:14.876077,354,112
17:29:14.876077,65535,67
17:29:14.876077,65535,33
17:29:14.928418,65535,18
17:29:14.928418,65535,24
17:29:14.980744,65535,36
17:29:14.980744,65535,41
17:29:15.033046,65535,45
17:29:15.085398,65535,35
17:29:15.085398,65535,33
17:29:15.137859,65535,28
17:29:15.137859,65535,27
17:29:15.189942,65535,24
17:29:15.189942,65535,27
17:29:15.241907,65535,32
17:29:15.241907,65535,28
17:29:15.241907,65535,33
17:29:15.294542,65535,28
17:29:15.294542,65535,22
17:29:15.348441,65535,24
17:29:15.348441,65535,28
17:29:15.400783,65535,27
17:29:15.400783,65535,38
17:29:15.453443,65535,27
17:29:15.453443,65535,20
17:29:15.453443,65535,23
17:29:15.506498,65535,24
17:29:15.506498,65535,25
17:29:15.558996,65535,12
17:29:15.558996,65535,23
17:29:15.558996,65535,16
17:29:15.558996,65535,12
17:29:15.612127,65535,19
17:29:15.612127,65535,66
17:29:15.612127,328,169
17:29:15.664400,312,349
17:29:15.664400,308,400
17:29:15.664400,306,430
17:29:15.716806,307,714
17:29:15.716806,305,774
17:29:15.769278,308,879
17:29:15.769278,308,869
17:29:15.769278,308,879
17:29:15.769278,309,877
17:29:15.873975,309,986
17:29:15.873975,309,989
17:29:15.926586,308,912
17:29:15.926586,307,851
17:29:15.979248,311,716
17:29:15.979248,312,663
17:29:16.031680,312,651
17:29:16.031680,312,642
17:29:16.031680,310,673
17:29:16.084669,309,605
17:29:16.084669,309,561
17:29:16.084669,309,569
17:29:16.084669,308,558
17:29:16.137805,307,550
17:29:16.137805,306,534
17:29:16.190355,304,444
17:29:16.190355,305,406
17:29:16.190355,303,384
17:29:16.242772,305,276
17:29:16.242772,65535,74
17:29:16.295618,65535,27
17:29:16.295618,65535,21
17:29:16.348084,65535,20
17:29:16.348084,65535,24
17:29:16.348084,65535,30
17:29:16.400582,65535,36
17:29:16.400582,65535,42
17:29:16.400582,65535,56
17:29:16.453461,65535,68
17:29:16.453461,65535,77
17:29:16.505967,65535,86
17:29:16.505967,65535,83
17:29:16.505967,65535,79
17:29:16.558822,65535,78
17:29:16.558822,65535,75
17:29:16.558822,65535,83
17:29:16.558822,65535,100
17:29:16.611828,338,507
17:29:16.664037,342,782
17:29:16.664037,343,963
17:29:16.716382,340,1085
17:29:16.716382,340,1206
17:29:16.716382,341,850
17:29:16.821785,344,393
17:29:16.821785,346,311
17:29:16.874140,65535,101
17:29:16.874140,65535,99
17:29:16.926528,65535,95
17:29:16.926528,65535,90
17:29:16.926528,65535,93
17:29:16.978930,65535,83
17:29:16.978930,65535,53
17:29:17.031267,65535,32
17:29:17.031267,65535,14
17:29:17.031267,65535,18
17:29:17.084014,65535,16
17:29:17.084014,65535,6
17:29:17.084014,65535,18
17:29:17.136804,65535,20
17:29:17.136804,65535,22
17:29:17.136804,65535,26
17:29:17.189705,65535,21
17:29:17.189705,65535,28
17:29:17.189705,65535,30
17:29:17.242633,65535,35
17:29:17.295237,65535,31
17:29:17.295237,65535,26
17:29:17.347971,65535,27
17:29:17.347971,65535,22
17:29:17.347971,65535,33
17:29:17.453415,65535,34
17:29:17.505795,65535,30
17:29:17.557997,65535,29
17:29:17.557997,65535,31
17:29:17.557997,65535,27
17:29:17.557997,65535,30
17:29:17.610910,65535,27
17:29:17.610910,65535,26
17:29:17.610910,65535,23
17:29:17.610910,65535,28
17:29:17.663528,65535,30
17:29:17.663528,65535,21
17:29:17.715787,65535,33
17:29:17.767748,65535,33
17:29:17.767748,65535,29
17:29:17.820156,65535,33
17:29:17.820156,65535,31
17:29:17.872400,65535,30
17:29:17.872400,65535,23
17:29:17.924621,65535,23
17:29:17.924621,65535,24
17:29:17.976925,65535,27
17:29:17.976925,65535,21
17:29:17.976925,65535,27
17:29:18.029507,65535,23
17:29:18.029507,65535,23
17:29:18.029507,65535,25
17:29:18.082084,65535,26
17:29:18.082084,65535,32
17:29:18.082084,65535,23
17:29:18.134683,65535,32
17:29:18.134683,65535,30
17:29:18.239085,65535,29
17:29:18.291043,65535,28
17:29:18.291043,65535,28
17:29:18.343178,65535,23
17:29:18.343178,65535,22
17:29:18.395563,65535,30
17:29:18.448126,65535,35
17:29:18.448126,65535,32
17:29:18.500712,65535,31
17:29:18.500712,65535,33
17:29:18.552998,65535,34
17:29:18.552998,65535,29
17:29:18.605273,65535,32
17:29:18.605273,65535,31
17:29:18.658031,65535,32
17:29:18.658031,65535,27
17:29:18.658031,65535,28
17:29:18.710406,65535,30
17:29:18.710406,65535,26
17:29:18.762621,65535,29
17:29:18.762621,65535,25
17:29:18.815009,65535,32
17:29:18.867617,65535,37
17:29:18.867617,65535,32
17:29:18.867617,65535,37
17:29:18.920638,65535,38
17:29:18.920638,65535,37
17:29:18.920638,65535,35
17:29:18.920638,65535,30
17:29:19.025488,65535,33
17:29:19.025488,65535,39
17:29:19.025488,65535,32
17:29:19.078280,65535,30
17:29:19.078280,65535,33
17:29:19.078280,65535,35
17:29:19.078280,65535,37
17:29:19.130914,65535,31
17:29:19.130914,65535,40
17:29:19.130914,65535,28
17:29:19.130914,65535,34
17:29:19.183668,65535,37
17:29:19.236393,65535,35
17:29:19.236393,65535,38
17:29:19.236393,65535,38
17:29:19.236393,65535,34
17:29:19.289334,65535,30
17:29:19.289334,65535,31
17:29:19.341728,65535,33
17:29:19.341728,65535,31
17:29:19.394077,65535,29
17:29:19.394077,65535,31
17:29:19.394077,65535,26
17:29:19.446888,65535,27
17:29:19.446888,65535,33
17:29:19.446888,65535,30
17:29:19.500947,65535,38
17:29:19.500947,65535,33
17:29:19.500947,65535,35
17:29:19.553539,65535,39
17:29:19.553539,65535,32
17:29:19.606256,65535,35
17:29:19.606256,65535,33
17:29:19.606256,65535,36
17:29:19.606256,65535,35
17:29:19.606256,65535,30
17:29:19.659067,65535,35
17:29:19.711195,65535,33
17:29:19.711195,65535,34
17:29:19.763640,65535,24
17:29:19.815863,65535,33
17:29:19.815863,65535,32
17:29:19.815863,65535,28
17:29:19.815863,65535,29
17:29:19.868668,65535,33
17:29:19.921025,65535,33
17:29:19.921025,65535,22
17:29:19.973474,65535,26
17:29:19.973474,65535,26
17:29:19.973474,65535,23
17:29:20.025994,65535,24
17:29:20.025994,65535,25
17:29:20.025994,65535,29
17:29:20.078550,394,1020
17:29:20.130971,397,1690
17:29:20.130971,396,2288
17:29:20.183175,397,2829
17:29:20.235319,397,3730
17:29:20.235319,397,3966
17:29:20.288037,398,4017
17:29:20.288037,398,5263
17:29:20.340710,398,5254
17:29:20.340710,398,5279
17:29:20.340710,399,6415
17:29:20.393247,399,8386
17:29:20.393247,399,8978
17:29:20.393247,399,10056
17:29:20.446001,400,11271
17:29:20.446001,400,11280
17:29:20.498566,400,10540
17:29:20.498566,401,10718
17:29:20.551009,401,11357
17:29:20.551009,401,11822
17:29:20.603670,402,11776
17:29:20.655989,402,12155
17:29:20.655989,402,12087
17:29:20.708723,403,13090
17:29:20.708723,403,13078
17:29:20.708723,403,12978
17:29:20.761463,403,13030
17:29:20.761463,403,13121
17:29:20.813709,404,13562
17:29:20.865855,404,13748
17:29:20.918069,405,14310
17:29:20.918069,405,14167
17:29:20.970303,405,13398
17:29:21.074990,407,11116
17:29:21.074990,407,9707
17:29:21.127867,407,9152
17:29:21.127867,407,8085
17:29:21.180843,408,7333
17:29:21.180843,408,7644
17:29:21.180843,408,7077
17:29:21.233414,408,5163
17:29:21.285953,408,5976
17:29:21.338319,408,6154
17:29:21.338319,409,5248
17:29:21.390745,409,5368
17:29:21.390745,410,4814
17:29:21.442915,409,5271
17:29:21.442915,410,5181
17:29:21.442915,409,5237
17:29:21.495181,410,6150
17:29:21.495181,410,6220
17:29:21.547752,410,6325
17:29:21.547752,410,5949
17:29:21.600222,411,6128
17:29:21.600222,411,5890
17:29:21.652390,412,5370
17:29:21.652390,412,5577
17:29:21.652390,412,5781
17:29:21.705031,412,5619
17:29:21.756915,33180,6432
17:29:21.809281,413,6961
17:29:21.861452,413,6737
17:29:21.861452,413,6683
17:29:21.913913,414,6931
17:29:21.913913,414,6994
17:29:21.966791,414,6919
17:29:21.966791,414,7167
17:29:22.019129,415,7730
17:29:22.019129,415,8210
17:29:22.071537,415,8816
17:29:22.123860,416,9029
17:29:22.176125,416,8385
17:29:22.176125,416,8472
17:29:22.228367,417,8757
17:29:22.280374,418,6362
17:29:22.280374,418,7198
17:29:22.280374,418,7501
17:29:22.333100,418,7673
17:29:22.385426,418,8516
17:29:22.385426,418,8948
17:29:22.437877,418,10398
17:29:22.437877,418,13794
17:29:22.490441,419,14991
17:29:22.542724,419,10419
17:29:22.595391,420,8714
17:29:22.647662,420,7961
17:29:22.699734,420,7609
17:29:22.751809,420,7436
17:29:22.751809,420,7435
17:29:22.751809,420,7498
17:29:22.804739,421,7459
17:29:22.804739,421,7446
17:29:22.857197,421,7480
17:29:22.857197,421,7449
17:29:22.909609,421,7760
17:29:22.909609,421,7753
17:29:22.962171,421,8109
17:29:22.962171,422,5351
17:29:23.014490,423,4165
17:29:23.014490,423,7631
17:29:23.014490,423,12438
17:29:23.014490,423,11709
17:29:23.067371,425,6939
17:29:23.067371,426,7133
17:29:23.119407,426,6981
17:29:23.119407,425,8364
17:29:23.171798,425,7251
17:29:23.223841,425,4393
17:29:23.223841,425,4398
17:29:23.223841,425,4350
17:29:23.223841,426,4391
17:29:23.276448,427,3990
17:29:23.276448,428,10569
17:29:23.432631,432,12056
17:29:23.484809,433,4591
17:29:23.484809,433,4573
17:29:23.537160,436,4306
17:29:23.537160,436,4356
17:29:23.589279,437,4604
17:29:23.589279,437,4595
17:29:23.589279,437,4627
17:29:23.641682,439,4151
17:29:23.798146,445,4180
17:29:23.850894,446,4326
17:29:23.850894,446,4444
17:29:23.850894,447,4550
17:29:23.850894,447,4678
17:29:23.903578,449,4824
17:29:23.956287,451,4976
17:29:23.956287,451,5285
17:29:24.008684,454,5685
17:29:24.113110,457,6725
17:29:24.165241,459,7748
17:29:24.217728,461,7909
17:29:24.270222,463,7627
17:29:24.270222,463,7604
17:29:24.270222,464,7615
17:29:24.322674,465,7361
17:29:24.322674,466,7331
17:29:24.374905,468,7204
17:29:24.374905,468,7147
17:29:24.427266,470,6788
17:29:24.427266,471,5282
17:29:24.583950,475,6949
17:29:24.583950,475,7272
17:29:24.636340,477,7245
17:29:24.636340,477,7351
17:29:24.636340,477,7491
17:29:24.688611,478,7328
17:29:24.688611,479,7283
17:29:24.740877,480,7159
17:29:24.740877,480,7033
17:29:24.740877,481,7052
17:29:24.740877,481,6941
17:29:24.793595,482,6754
17:29:24.793595,482,6711
17:29:24.793595,482,6807
17:29:24.846310,484,6878
17:29:24.846310,484,6897
17:29:24.846310,485,7079
17:29:24.898786,486,6982
17:29:24.898786,486,6934
17:29:24.951488,487,6809
17:29:24.951488,488,6907
17:29:24.951488,488,6871
17:29:25.004105,489,6769
17:29:25.056406,491,7018
17:29:25.056406,492,6868
17:29:25.108901,492,6723
17:29:25.108901,493,6537
17:29:25.161566,494,6493
17:29:25.161566,494,6124
17:29:25.213954,495,6379
17:29:25.213954,496,6495
17:29:25.213954,496,6676
17:29:25.213954,496,6735
17:29:25.266670,497,6746
17:29:25.266670,498,6645
17:29:25.266670,498,6646
17:29:25.319292,499,6583
17:29:25.319292,500,6490
17:29:25.372061,500,6595
17:29:25.372061,501,6517
17:29:25.372061,501,6477
17:29:25.372061,501,6646
17:29:25.425427,502,6650
17:29:25.477698,503,5796
17:29:25.529931,506,4482
17:29:25.529931,507,4533
17:29:25.582771,508,4470
17:29:25.582771,508,4116
17:29:25.582771,508,4386
17:29:25.635063,509,4732
17:29:25.739176,513,7911
17:29:25.739176,514,8407
17:29:25.792304,514,8725
17:29:25.792304,515,8497
17:29:25.792304,515,8666
17:29:25.845548,516,9114
17:29:25.845548,517,8973
17:29:25.897987,518,8711
17:29:25.897987,518,8662
17:29:25.897987,518,8453
17:29:25.897987,519,8221
17:29:25.897987,519,8158
17:29:25.950832,520,8136
17:29:25.950832,521,8591
17:29:25.950832,521,8850
17:29:26.003345,522,9380
17:29:26.055467,525,6785
17:29:26.055467,525,6482
17:29:26.055467,526,6302
17:29:26.107911,527,5901
17:29:26.107911,528,6025
17:29:26.107911,528,5872
17:29:26.160415,529,5233
17:29:26.160415,530,5042
17:29:26.212832,531,4670
17:29:26.212832,531,4425
17:29:26.212832,532,3954
17:29:26.265696,532,4344
17:29:26.265696,533,4309
17:29:26.265696,534,4912
17:29:26.318272,535,5011
17:29:26.318272,536,4698
17:29:26.370789,538,5844
17:29:26.370789,538,6084
17:29:26.370789,539,6489
17:29:26.370789,539,6783
17:29:26.423358,540,6629
17:29:26.423358,541,7165
17:29:26.423358,541,7792
17:29:26.528638,545,9744
17:29:26.528638,545,9854
17:29:26.581054,547,9287
17:29:26.581054,548,8704
17:29:26.581054,548,7915
17:29:26.581054,549,6686
17:29:26.633590,550,3964
17:29:26.685907,553,4193
17:29:26.685907,553,4156
17:29:26.685907,554,4043
17:29:26.738446,555,4604
17:29:26.790687,558,8079
17:29:26.790687,558,8188
17:29:26.843254,559,8680
17:29:26.843254,559,8536
17:29:26.843254,560,8658
17:29:26.895823,562,9048
17:29:26.948187,564,9051
17:29:27.000211,567,8899
17:29:27.052714,568,8594
17:29:27.052714,568,8436
17:29:27.052714,569,8338
17:29:27.105583,570,8396
17:29:27.105583,571,8291
17:29:27.105583,571,8273
17:29:27.158094,572,8141
17:29:27.158094,572,8095
17:29:27.158094,573,8180
17:29:27.158094,573,8119
17:29:27.210667,574,7960
17:29:27.210667,575,7956
17:29:27.263110,576,8073
17:29:27.263110,577,7719
17:29:27.263110,578,7313
17:29:27.315949,578,7316
17:29:27.368276,581,7764
17:29:27.368276,581,7399
17:29:27.420367,583,6995
17:29:27.420367,583,6900
17:29:27.472554,584,7368
17:29:27.472554,585,7724
17:29:27.472554,585,7819
17:29:27.524999,587,7349
17:29:27.524999,588,6945
17:29:27.577909,588,6637
17:29:27.577909,589,6557
17:29:27.577909,589,6541
17:29:27.630448,591,6755
17:29:27.630448,591,6824
17:29:27.682708,592,6884
17:29:27.682708,592,6932
17:29:27.682708,593,6852
17:29:27.786879,596,6616
17:29:27.786879,596,5760
17:29:27.839000,598,5473
17:29:27.839000,598,5682
17:29:27.839000,598,5924
17:29:27.891387,599,4984
17:29:27.891387,600,5085
17:29:27.891387,600,5121
17:29:27.943859,601,5312
17:29:27.996194,602,5147
17:29:27.996194,603,5096
17:29:27.996194,603,5005
17:29:27.996194,33371,4959
17:29:27.996194,604,4949
17:29:28.049233,605,5645
17:29:28.101750,606,5512
17:29:28.101750,606,5398
17:29:28.154421,607,5907
17:29:28.206959,609,5567
17:29:28.259755,609,5592
17:29:28.259755,610,5423
17:29:28.311874,611,5555
17:29:28.311874,611,5560
17:29:28.366165,612,5355
17:29:28.366165,612,5333
17:29:28.366165,613,5425
17:29:28.419981,613,5409
17:29:28.419981,613,5389
17:29:28.419981,614,5411
17:29:28.472640,614,5440
17:29:28.472640,614,5378
17:29:28.472640,615,5428
17:29:28.525089,615,5486
17:29:28.525089,616,5542
17:29:28.577942,616,5610
17:29:28.577942,616,5813
17:29:28.630305,617,5817
17:29:28.630305,617,5756
17:29:28.682551,618,5754
17:29:28.682551,618,5864
17:29:28.682551,618,5831
17:29:28.735076,618,5743
17:29:28.735076,619,5620
17:29:28.735076,619,5537
17:29:28.787840,620,5592
17:29:28.787840,620,5598
17:29:28.840104,620,5234
17:29:28.892374,621,5596
17:29:28.892374,621,5750
17:29:28.944965,621,5834
17:29:28.944965,622,5841
17:29:28.944965,622,5778
17:29:28.997701,622,5646
17:29:28.997701,622,5595
17:29:29.050468,623,5653
17:29:29.050468,623,5668
17:29:29.050468,623,5712
17:29:29.103120,623,5253
17:29:29.103120,624,5249
17:29:29.103120,624,5255
17:29:29.155954,624,4979
17:29:29.155954,624,4896
17:29:29.260943,626,5195
17:29:29.313191,626,5103
17:29:29.313191,626,4855
17:29:29.365604,626,5156
17:29:29.418170,627,5360
17:29:29.418170,627,5347
17:29:29.471174,627,5223
17:29:29.523586,628,4975
17:29:29.575701,628,5164
17:29:29.575701,628,5463
17:29:29.628045,628,5484
17:29:29.628045,628,5619
17:29:29.628045,628,5819
17:29:29.680594,628,6164
17:29:29.680594,628,6190
17:29:29.732890,628,6043
17:29:29.732890,629,6085
17:29:29.785120,629,5981
17:29:29.785120,629,5980
17:29:29.785120,629,5835
17:29:29.838090,629,5769
17:29:29.838090,629,5681
17:29:29.838090,629,5579
17:29:29.890324,629,5695
17:29:29.890324,629,5766
17:29:29.890324,629,5738
17:29:29.890324,629,5618
17:29:29.943198,629,5579
17:29:29.995251,630,5606
17:29:29.995251,630,5631
17:29:30.099483,630,5596
17:29:30.099483,630,5514
17:29:30.099483,630,5383
17:29:30.099483,630,5374
17:29:30.152179,631,5383
17:29:30.152179,631,5480
17:29:30.152179,631,5490
17:29:30.204604,631,5479
17:29:30.204604,631,5476
17:29:30.256876,631,5215
17:29:30.256876,631,5571
17:29:30.309479,631,6034
17:29:30.309479,632,5752
17:29:30.309479,632,5434
17:29:30.309479,632,5591
17:29:30.414194,632,5275
17:29:30.466334,633,5917
17:29:30.518993,633,5977
17:29:30.518993,633,6129
17:29:30.518993,633,5961
17:29:30.571957,633,6193
17:29:30.623948,633,6194
17:29:30.623948,633,6266
17:29:30.676597,633,6647
17:29:30.676597,633,6637
17:29:30.676597,633,6531
17:29:30.676597,633,6444
17:29:30.781167,634,5765
17:29:30.833092,634,5351
17:29:30.833092,634,5019
17:29:30.885350,634,5247
17:29:30.885350,634,5120
17:29:30.885350,634,5275
17:29:30.885350,635,5635
17:29:30.938268,635,5569
17:29:30.938268,635,5679
17:29:30.990748,635,5181
17:29:30.990748,635,5076
17:29:31.043322,635,4802
17:29:31.043322,635,4917
17:29:31.043322,635,5024
17:29:31.096064,635,4896
17:29:31.096064,635,5048
17:29:31.096064,635,5043
17:29:31.148701,635,5081
17:29:31.148701,636,5113
17:29:31.148701,635,5135
17:29:31.201772,635,4796
17:29:31.201772,636,4631
17:29:31.254430,636,4462
17:29:31.306715,637,4841
17:29:31.306715,637,4989
17:29:31.306715,637,4872
17:29:31.359441,637,4471
17:29:31.359441,637,4401
17:29:31.411795,637,4461
17:29:31.411795,637,4493
17:29:31.411795,637,4487
17:29:31.411795,637,4488
17:29:31.464608,638,4356
17:29:31.516822,638,4415
17:29:31.569405,638,4400
17:29:31.569405,639,4445
17:29:31.569405,639,4454
17:29:31.622225,639,4565
17:29:31.677200,640,4542
17:29:31.729403,640,4493
17:29:31.729403,640,4379
17:29:31.729403,640,4282
17:29:31.782057,640,3819
17:29:31.782057,640,3760
17:29:31.782057,641,3804
17:29:31.835425,641,3627
17:29:31.835425,641,3617
17:29:31.887831,641,3670
17:29:31.887831,641,3635
17:29:31.887831,642,3626
17:29:31.940416,642,3542
17:29:31.940416,642,3605
17:29:31.940416,642,3678
17:29:31.992786,643,3520
17:29:31.992786,643,3618
17:29:32.045201,643,3396
17:29:32.045201,643,3647
17:29:32.097523,644,3453
17:29:32.097523,644,3562
17:29:32.149627,645,3486
17:29:32.149627,645,3533
17:29:32.149627,645,3531
17:29:32.149627,645,3469
17:29:32.202370,646,3472
17:29:32.202370,646,3468
17:29:32.254689,647,3359
17:29:32.254689,647,3310
17:29:32.307489,647,3295
17:29:32.307489,647,3267
17:29:32.307489,647,3252
17:29:32.360278,648,3263
17:29:32.360278,648,3228
17:29:32.413011,649,3398
17:29:32.465468,649,3565
17:29:32.465468,650,3531
17:29:32.518301,651,3512
17:29:32.570758,652,3277
17:29:32.570758,652,3282
17:29:32.570758,652,3425
17:29:32.623327,652,3366
17:29:32.623327,653,3086
17:29:32.623327,653,2962
17:29:32.623327,653,2979
17:29:32.623327,653,3025
17:29:32.676348,654,2898
17:29:32.676348,654,2911
17:29:32.728884,655,2996
17:29:32.781622,656,2988
17:29:32.781622,656,3221
17:29:32.833966,656,3508
17:29:32.833966,657,3318
17:29:32.886138,658,3470
17:29:32.938392,659,3534
17:29:32.938392,659,3637
17:29:32.938392,659,3744
17:29:32.991233,660,3669
17:29:32.991233,660,3692
17:29:32.991233,660,3706
17:29:33.043735,661,3557
17:29:33.043735,661,3377
17:29:33.096006,663,3234
17:29:33.148361,663,3291
17:29:33.148361,663,3318
17:29:33.148361,663,3568
17:29:33.200775,664,3551
17:29:33.200775,664,3386
17:29:33.305768,666,3565
17:29:33.305768,666,3507
17:29:33.305768,667,3503
17:29:33.358636,668,3387
17:29:33.358636,668,3529
17:29:33.410938,669,3532
17:29:33.410938,669,3412
17:29:33.463268,670,3417
17:29:33.463268,671,3362
17:29:33.516116,671,3297
17:29:33.516116,672,3298
17:29:33.516116,672,3306
17:29:33.568954,672,3330
17:29:33.568954,672,3314
17:29:33.621212,673,3408
17:29:33.673425,675,3008
17:29:33.726519,676,3172
17:29:33.726519,676,3364
17:29:33.779564,677,3342
17:29:33.832097,678,3350
17:29:33.832097,678,3660
17:29:33.884723,679,3623
17:29:33.884723,679,3675
17:29:33.937175,680,3735
17:29:33.937175,33448,3780
17:29:33.989802,681,3801
17:29:33.989802,682,3700
17:29:34.042038,682,3626
17:29:34.042038,683,3827
17:29:34.094518,683,3911
17:29:34.094518,684,3870
17:29:34.094518,684,3896
17:29:34.147292,684,3856
17:29:34.147292,684,3896
17:29:34.199687,685,4139
17:29:34.252149,686,3439
17:29:34.252149,686,3618
17:29:34.252149,686,3687
17:29:34.304580,687,3433
17:29:34.356853,688,3403
17:29:34.356853,688,3370
17:29:34.409352,689,3383
17:29:34.409352,689,3400
17:29:34.513662,690,3385
17:29:34.513662,690,3329
17:29:34.566000,691,3433
17:29:34.566000,690,3500
17:29:34.566000,691,3477
17:29:34.619054,691,3424
17:29:34.619054,691,3418
17:29:34.619054,692,3463
17:29:34.671583,692,3508
17:29:34.671583,692,3556
17:29:34.671583,692,3611
17:29:34.671583,692,3709
17:29:34.724427,693,3759
17:29:34.776979,694,3494
17:29:34.829580,694,3316
17:29:34.882019,695,3274
17:29:34.882019,695,3062
17:29:34.882019,695,2874
17:29:34.934908,691,2635
17:29:34.934908,695,2608
17:29:34.987391,696,2614
17:29:35.039416,696,2578
17:29:35.039416,696,2675
17:29:35.092242,697,2785
17:29:35.092242,697,2823
17:29:35.197363,698,2811
17:29:35.249530,698,2863
17:29:35.249530,699,2813
17:29:35.249530,698,2865
17:29:35.302261,699,2835
17:29:35.302261,699,2872
17:29:35.354815,699,3002
17:29:35.354815,699,2999
17:29:35.354815,699,3051
17:29:35.407515,699,3287
17:29:35.407515,700,3375
17:29:35.407515,700,3366
17:29:35.460374,700,3148
17:29:35.460374,700,3283
17:29:35.512700,701,3940
17:29:35.512700,700,3927
17:29:35.565055,701,3892
17:29:35.565055,701,4032
17:29:35.669444,702,3734
17:29:35.669444,702,3750
17:29:35.669444,702,3825
17:29:35.724861,702,3827
17:29:35.724861,702,3851
17:29:35.724861,702,3917
17:29:35.724861,702,3946
17:29:35.777725,702,3977
17:29:35.777725,702,3972
17:29:35.777725,702,3937
17:29:35.832633,703,3855
17:29:35.832633,702,3797
17:29:35.884855,703,3740
17:29:35.937253,703,3217
17:29:35.937253,702,3312
17:29:36.041769,703,2903
17:29:36.094149,703,2686
17:29:36.146651,703,2599
17:29:36.146651,703,2673
17:29:36.198895,703,2672
17:29:36.198895,703,2714
17:29:36.251119,703,2791
17:29:36.251119,704,3081
17:29:36.303547,704,3243
17:29:36.303547,704,3125
17:29:36.303547,704,2964
17:29:36.356500,704,2865
17:29:36.356500,704,2898
17:29:36.356500,704,2947
17:29:36.409163,33472,3127
17:29:36.461877,705,2845
17:29:36.461877,705,2968
17:29:36.514342,705,2995
17:29:36.514342,705,3022
17:29:36.566924,706,2467
17:29:36.566924,706,2514
17:29:36.619321,706,2534
17:29:36.619321,706,2513
17:29:36.619321,706,2442
17:29:36.671965,707,2672
17:29:36.671965,707,2731
17:29:36.724316,707,2738
17:29:36.724316,707,2763
17:29:36.724316,708,2729
17:29:36.777389,708,2849
17:29:36.829765,708,3079
17:29:36.829765,708,3067
17:29:36.829765,709,3433
17:29:36.882364,709,3471
17:29:36.882364,709,3477
17:29:36.882364,709,3576
17:29:36.934855,709,3795
17:29:36.934855,709,4108
17:29:36.934855,710,4173
17:29:36.987788,710,4158
17:29:36.987788,710,4265
17:29:37.040049,711,4200
17:29:37.040049,711,4082
17:29:37.145186,33480,3679
17:29:37.145186,712,3687
17:29:37.145186,713,3664
17:29:37.197903,713,3353
17:29:37.197903,713,3331
17:29:37.250322,714,3471
17:29:37.302445,714,3787
17:29:37.302445,715,4034
17:29:37.302445,715,4128
17:29:37.355189,715,4363
17:29:37.407412,716,4325
17:29:37.407412,716,4282
17:29:37.407412,717,4256
17:29:37.407412,717,4285
17:29:37.460492,717,4343
17:29:37.460492,717,4349
17:29:37.460492,717,4362
17:29:37.513300,719,4025
17:29:37.565906,719,3843
17:29:37.565906,719,3790
17:29:37.671684,720,3760
17:29:37.671684,720,3730
17:29:37.671684,720,3823
17:29:37.671684,721,3796
17:29:37.671684,721,3462
17:29:37.730753,721,3152
17:29:37.730753,722,3111
17:29:37.730753,722,3161
17:29:37.730753,722,3151
17:29:37.730753,722,3148
17:29:37.783566,723,3080
17:29:37.783566,723,3060
17:29:37.835971,724,3163
17:29:37.888086,724,3037
17:29:37.888086,725,3143
17:29:37.940387,33494,3230
17:29:37.992431,727,3756
17:29:38.044932,727,3787
17:29:38.044932,727,3802
17:29:38.044932,728,3744
17:29:38.097643,728,3742
17:29:38.097643,729,3770
17:29:38.097643,729,3773
17:29:38.150488,729,3813
17:29:38.150488,729,3806
17:29:38.202763,730,3791
17:29:38.202763,731,3780
17:29:38.202763,731,3722
17:29:38.255418,731,3149
17:29:38.255418,732,3174
17:29:38.255418,732,2975
17:29:38.360707,734,2792
17:29:38.412884,735,2735
17:29:38.412884,735,2712
17:29:38.412884,735,2757
17:29:38.465771,736,2857
17:29:38.517956,738,2842
17:29:38.570411,738,2955
17:29:38.570411,738,2915
17:29:38.570411,739,2871
17:29:38.570411,739,3035
17:29:38.623045,739,3048
17:29:38.623045,740,3121
17:29:38.675387,740,3068
17:29:38.675387,741,3045
17:29:38.675387,741,3064
17:29:38.675387,741,3068
17:29:38.728004,742,2960
17:29:38.780651,743,2956
17:29:38.832877,744,3062
17:29:38.885240,745,3269
17:29:38.885240,745,3361
17:29:38.938182,746,3409
17:29:38.938182,746,3427
17:29:38.990632,747,3354
17:29:38.990632,748,3341
17:29:38.990632,748,3332
17:29:38.990632,748,3329
17:29:39.043881,748,3316
17:29:39.043881,749,3311
17:29:39.043881,749,3254
17:29:39.043881,749,3150
17:29:39.096853,751,2723
17:29:39.149151,751,2638
17:29:39.149151,751,2634
17:29:39.149151,752,2637
17:29:39.149151,752,2629
17:29:39.201622,753,2657
17:29:39.201622,753,2655
17:29:39.201622,753,2625
17:29:39.254040,753,2800
17:29:39.254040,754,2869
17:29:39.307800,755,2951
17:29:39.359855,756,2966
17:29:39.359855,757,2984
17:29:39.412347,757,3232
17:29:39.412347,758,3267
17:29:39.412347,758,3299
17:29:39.464785,758,3425
17:29:39.464785,758,3437
17:29:39.517685,759,3446
17:29:39.517685,760,3458
17:29:39.517685,760,3498
17:29:39.569916,760,3506
17:29:39.569916,761,3299
17:29:39.622161,762,2856
17:29:39.674662,763,2799
17:29:39.727375,764,2472
17:29:39.727375,764,2626
17:29:39.727375,765,2779
17:29:39.780223,765,2831
17:29:39.780223,766,2827
17:29:39.780223,766,2868
17:29:39.833110,766,2917
17:29:39.833110,767,2968
17:29:39.833110,767,2988
17:29:39.885949,767,3272
17:29:39.990059,769,3205
17:29:40.042286,771,3011
17:29:40.042286,771,3018
17:29:40.042286,771,2970
17:29:40.094718,772,2877
17:29:40.094718,772,2807
17:29:40.094718,772,2770
17:29:40.147562,772,2759
17:29:40.147562,773,2802
17:29:40.147562,773,2878
17:29:40.200247,773,2874
17:29:40.200247,773,2748
17:29:40.252789,774,2815
17:29:40.252789,774,2847
17:29:40.252789,775,2831
17:29:40.252789,775,2870
17:29:40.306065,775,2989
17:29:40.306065,776,2910
17:29:40.358598,777,2962
17:29:40.410927,777,2938
17:29:40.463221,778,2878
17:29:40.463221,778,2846
17:29:40.463221,778,2880
17:29:40.515835,778,2719
17:29:40.515835,779,2662
17:29:40.515835,779,2645
17:29:40.515835,779,2489
17:29:40.568827,780,2453
17:29:40.620926,780,2375
17:29:40.620926,781,2365
17:29:40.673156,781,2281
17:29:40.725501,781,2367
17:29:40.725501,781,2418
17:29:40.725501,781,2428
17:29:40.778005,782,2417
17:29:40.830309,782,2321
17:29:40.830309,782,2333
17:29:40.882757,783,2363
17:29:40.882757,783,2504
17:29:40.935390,782,2540
17:29:40.935390,783,2599
17:29:40.935390,783,2567
17:29:40.988097,784,2522
17:29:40.988097,783,2496
17:29:40.988097,783,2414
17:29:41.040760,783,2190
17:29:41.093236,783,1912
17:29:41.146212,784,1788
17:29:41.198405,784,1783
17:29:41.250706,785,1703
17:29:41.355210,784,1359
17:29:41.407720,784,1206
17:29:41.407720,784,1181
17:29:41.407720,784,1347
17:29:41.460593,784,1250
17:29:41.512753,784,1040
17:29:41.565343,784,889
17:29:41.565343,785,923
17:29:41.565343,782,997
17:29:41.618416,782,964
17:29:41.618416,783,909
17:29:41.618416,784,827
17:29:41.670736,783,734
17:29:41.670736,783,716
17:29:41.670736,784,677
17:29:41.723181,783,591
17:29:41.723181,783,631
17:29:41.723181,783,634
17:29:41.775569,783,510
17:29:41.775569,784,461
17:29:41.775569,786,327
17:29:41.828180,790,222
17:29:41.828180,65535,94
17:29:41.880571,65535,33
17:29:41.880571,65535,33
17:29:41.932816,65535,28
17:29:41.932816,65535,29
17:29:41.932816,65535,25
17:29:41.985566,65535,21
17:29:41.985566,65535,15
17:29:42.038117,65535,12
17:29:42.038117,65535,19
17:29:42.038117,65535,23
17:29:42.090904,65535,19
17:29:42.090904,65535,23
17:29:42.143208,65535,20
17:29:42.143208,65535,21
17:29:42.195442,65535,28
17:29:42.195442,65535,31
17:29:42.301760,65535,40
17:29:42.301760,65535,41
17:29:42.406345,65535,39
17:29:42.406345,65535,37
17:29:42.458657,65535,30
17:29:42.458657,65535,29
17:29:42.458657,65535,29
17:29:42.458657,65535,26
17:29:42.511108,65535,18
17:29:42.511108,65535,21
17:29:42.511108,65535,25
17:29:42.511108,65535,25
17:29:42.563947,65535,24
17:29:42.563947,65535,31
17:29:42.563947,65535,22
17:29:42.616440,65535,27
17:29:42.616440,65535,28
17:29:42.668734,65535,34
17:29:42.668734,65535,28
17:29:42.668734,65535,25
17:29:42.668734,65535,25
17:29:42.721529,65535,21
17:29:42.721529,65535,23
17:29:42.773895,65535,23
17:29:42.773895,65535,22
17:29:42.773895,65535,20
17:29:42.826533,65535,26
17:29:42.826533,65535,27
17:29:42.826533,65535,24
17:29:42.879065,65535,21
17:29:42.879065,65535,24
17:29:42.879065,65535,24
17:29:42.931591,65535,27
17:29:42.931591,65535,27
17:29:42.931591,65535,26
17:29:42.931591,65535,26
17:29:42.984183,65535,31
17:29:42.984183,65535,30
17:29:43.036607,65535,41
17:29:43.088966,65535,28
17:29:43.088966,65535,30
17:29:43.141091,65535,31
17:29:43.141091,65535,29
17:29:43.193373,65535,27
17:29:43.193373,65535,38
17:29:43.193373,65535,42
17:29:43.193373,65535,39
17:29:43.245836,65535,46
17:29:43.245836,65535,48
17:29:43.245836,65535,45
17:29:43.298180,65535,29
17:29:43.298180,65535,30
17:29:43.298180,65535,32
17:29:43.350557,65535,31
17:29:43.350557,65535,31
17:29:43.454672,65535,39
17:29:43.506752,65535,36
17:29:43.506752,65535,45
17:29:43.558822,65535,29
17:29:43.610998,65535,38
17:29:43.610998,65535,29
17:29:43.663433,65535,24
17:29:43.663433,65535,37
17:29:43.663433,65535,34
17:29:43.716023,65535,29
17:29:43.716023,65535,28
17:29:43.716023,65535,31
17:29:43.768419,65535,37
17:29:43.768419,65535,41
17:29:43.768419,65535,31
17:29:43.821107,65535,39
17:29:43.821107,65535,40
17:29:43.821107,65535,37
17:29:43.873590,65535,33
17:29:43.925418,65535,31
17:29:43.925418,65535,26
17:29:43.925418,65535,33
17:29:43.977802,65535,43
17:29:43.977802,65535,39
17:29:43.977802,65535,40
17:29:43.977802,65535,47
17:29:44.030277,65535,44
17:29:44.030277,65535,46
17:29:44.030277,65535,46
17:29:44.082537,65535,50
17:29:44.082537,65535,45
17:29:44.134721,65535,45
17:29:44.134721,65535,37
17:29:44.186958,65535,42
17:29:44.186958,65535,38
17:29:44.186958,65535,46
17:29:44.186958,65535,39
17:29:44.239423,65535,44
17:29:44.343578,65535,41
17:29:44.343578,65535,38
17:29:44.396183,65535,48
17:29:44.396183,65535,41
17:29:44.396183,65535,42
17:29:44.396183,65535,41
17:29:44.448980,65535,35
17:29:44.448980,65535,43
17:29:44.501308,65535,34
17:29:44.501308,65535,36
17:29:44.553809,65535,36
17:29:44.553809,65535,34
17:29:44.606300,65535,32
17:29:44.658412,65535,38
17:29:44.658412,65535,42
17:29:44.710746,65535,41
17:29:44.763157,65535,49
17:29:44.763157,65535,47
17:29:44.763157,65535,40
17:29:44.763157,65535,46
17:29:44.816126,65535,51
17:29:44.816126,65535,42
17:29:44.868676,65535,37
17:29:44.868676,65535,41
17:29:44.868676,65535,38
17:29:44.921198,65535,36
17:29:44.973430,65535,38
17:29:44.973430,65535,42
17:29:44.973430,65535,38
17:29:45.026037,65535,45
17:29:45.026037,65535,43
17:29:45.130164,65535,42
17:29:45.130164,65535,43
17:29:45.130164,65535,37
17:29:45.182514,65535,38
17:29:45.182514,65535,44
17:29:45.234702,65535,35
17:29:45.234702,65535,42
17:29:45.287241,65535,32
17:29:45.287241,65535,37
17:29:45.287241,65535,36
17:29:45.339915,65535,40
17:29:45.339915,65535,33
17:29:45.392267,65535,44
17:29:45.392267,65535,38
17:29:45.444887,65535,31
17:29:45.548918,65535,28
17:29:45.548918,65535,29
17:29:45.548918,65535,32
17:29:45.601184,65535,30
17:29:45.601184,65535,25
17:29:45.601184,65535,31
17:29:45.653460,65535,29
17:29:45.653460,65535,35
17:29:45.653460,65535,32
17:29:45.705766,65535,29
17:29:45.705766,65535,32
17:29:45.705766,65535,39
17:29:45.705766,65535,34
17:29:45.758444,65535,34
17:29:45.758444,65535,28
17:29:45.758444,65535,37
17:29:45.810925,65535,31
17:29:45.810925,65535,31
17:29:45.863007,65535,40
17:29:45.863007,65535,34
17:29:45.915245,65535,31
17:29:45.915245,65535,30
17:29:45.915245,65535,34
17:29:45.967929,65535,31
17:29:45.967929,65535,40
17:29:46.020449,65535,26
17:29:46.020449,65535,33
17:29:46.020449,65535,40
17:29:46.073153,65535,30
17:29:46.073153,65535,34
17:29:46.073153,65535,33
17:29:46.125785,65535,31
17:29:46.177993,65535,36
17:29:46.177993,65535,32
17:29:46.177993,65535,28
17:29:46.177993,65535,34
17:29:46.230495,65535,34
17:29:46.230495,65535,26
17:29:46.230495,65535,27
17:29:46.334924,65535,29
17:29:46.334924,65535,23
17:29:46.334924,65535,18
17:29:46.387418,65535,18
17:29:46.387418,65535,21
17:29:46.387418,65535,18
17:29:46.439942,65535,28
17:29:46.439942,65535,24
17:29:46.492040,65535,21
17:29:46.492040,65535,19
17:29:46.492040,65535,20
17:29:46.647938,65535,27
17:29:46.647938,65535,22
17:29:46.647938,65535,26
17:29:46.647938,65535,24
17:29:46.753168,65535,32
17:29:46.753168,65535,35
17:29:46.805858,65535,38
17:29:46.805858,65535,32
17:29:46.805858,65535,40
17:29:46.858456,65535,38
17:29:46.858456,65535,35
17:29:46.910812,65535,35
17:29:46.910812,65535,31
17:29:46.910812,65535,34
17:29:46.963363,65535,42
17:29:46.963363,65535,39
17:29:46.963363,65535,39
17:29:47.016043,65535,40
17:29:47.016043,65535,40
17:29:47.016043,65535,42
17:29:47.016043,65535,40
17:29:47.068910,65535,40
17:29:47.121443,65535,33
17:29:47.121443,65535,40
17:29:47.173925,65535,37
17:29:47.173925,65535,39
17:29:47.173925,65535,36
17:29:47.226289,65535,36
17:29:47.226289,65535,39
17:29:47.278556,65535,40
17:29:47.278556,65535,48
17:29:47.278556,65535,45
17:29:47.278556,65535,39
17:29:47.331377,65535,41
17:29:47.331377,65535,46
17:29:47.383671,65535,50
17:29:47.383671,65535,43
17:29:47.488007,65535,38
17:29:47.488007,65535,34
17:29:47.488007,65535,43
17:29:47.540695,65535,33
17:29:47.593074,65535,43
17:29:47.593074,65535,45
17:29:47.645507,65535,35
17:29:47.645507,65535,40
17:29:47.697815,65535,43
17:29:47.697815,65535,39
17:29:47.697815,65535,36
17:29:47.697815,65535,36
17:29:47.750428,65535,37
17:29:47.750428,65535,38
17:29:47.803085,65535,35
17:29:47.854983,65535,44
17:29:47.907274,65535,43
17:29:47.907274,65535,39
17:29:47.907274,65535,37
17:29:47.907274,65535,31
17:29:47.907274,65535,36
17:29:47.959936,65535,37
17:29:47.959936,65535,42
17:29:47.959936,65535,39
17:29:47.959936,65535,41
17:29:48.012386,65535,33
17:29:48.012386,65535,37
17:29:48.064400,65535,38
17:29:48.064400,65535,31
17:29:48.064400,65535,37
17:29:48.064400,65535,44
17:29:48.116877,65535,42
17:29:48.169037,65535,45
17:29:48.221060,65535,48
17:29:48.221060,65535,42
17:29:48.221060,65535,52
17:29:48.221060,65535,50
17:29:48.273640,65535,26
17:29:48.326084,65535,27
17:29:48.326084,65535,26
17:29:48.378337,65535,35
17:29:48.378337,65535,43
17:29:48.378337,65535,40
17:29:48.378337,65535,43
17:29:48.378337,65535,46
17:29:48.431045,65535,49
17:29:48.431045,65535,52
17:29:48.431045,65535,49
17:29:48.431045,65535,43
17:29:48.483523,65535,31
17:29:48.483523,65535,18
17:29:48.535752,65535,28
17:29:48.535752,65535,21
17:29:48.535752,65535,28
17:29:48.535752,65535,18
17:29:48.588539,65535,21
17:29:48.588539,65535,16
17:29:48.588539,65535,16
17:29:48.641161,65535,13
17:29:48.693199,65535,32779
17:29:48.693199,65535,10
17:29:48.693199,65535,11
17:29:48.797862,65535,55
17:29:48.797862,65535,49
17:29:48.797862,65535,52
17:29:48.850298,65535,26
17:29:48.850298,65535,11
17:29:48.850298,65535,33
17:29:48.850298,65535,47
17:29:48.902875,65535,49
17:29:48.902875,65535,61
17:29:48.902875,65535,56
17:29:48.955465,65535,44
17:29:48.955465,65535,29
17:29:48.955465,65535,20
17:29:49.060166,65535,72
17:29:49.060166,65535,61
17:29:49.112413,65535,34
17:29:49.112413,65535,31
17:29:49.112413,65535,24
17:29:49.112413,65535,18
17:29:49.164841,65535,5
17:29:49.164841,65535,6
17:29:49.217135,65535,4
17:29:49.217135,65535,6
17:29:49.217135,65535,6
17:29:49.269702,65535,12
17:29:49.269702,65535,11
17:29:49.322026,65535,14
17:29:49.322026,65535,6
17:29:49.322026,65535,10
17:29:49.374504,65535,5
17:29:49.374504,65535,15
17:29:49.374504,65535,18
17:29:49.427184,65535,17
17:29:49.427184,65535,30
17:29:49.427184,65535,24
17:29:49.479602,65535,24
17:29:49.479602,65535,33
17:29:49.479602,65535,32
17:29:49.531877,65535,28
17:29:49.531877,65535,30
17:29:49.584074,65535,23
17:29:49.584074,65535,26
17:29:49.584074,65535,22
17:29:49.636433,65535,22
17:29:49.636433,65535,18
17:29:49.636433,65535,19
17:29:49.688982,65535,19
17:29:49.741768,65535,16
17:29:49.741768,65535,12
17:29:49.794028,65535,18
17:29:49.794028,65535,24
17:29:49.846369,65535,16
17:29:49.846369,65535,18
17:29:49.898540,65535,15
17:29:49.898540,65535,11
17:29:49.951020,65535,13
17:29:49.951020,65535,10
17:29:49.951020,65535,15
17:29:50.003597,65535,9
17:29:50.003597,65535,12
17:29:50.003597,65535,14
17:29:50.056233,65535,8
17:29:50.056233,65535,17
17:29:50.108344,65535,20
17:29:50.108344,65535,26
17:29:50.160710,65535,46
17:29:50.160710,65535,41
17:29:50.160710,65535,34
17:29:50.213227,65535,41
17:29:50.265342,65535,41
17:29:50.265342,65535,45
17:29:50.318119,65535,44
17:29:50.318119,65535,38
17:29:50.375557,65535,26
17:29:50.375557,65535,30
17:29:50.375557,65535,21
17:29:50.429065,65535,18
17:29:50.429065,65535,17
17:29:50.429065,65535,22
17:29:50.481506,65535,30
17:29:50.481506,65535,21
17:29:50.481506,65535,27
17:29:50.534249,65535,25
17:29:50.534249,65535,33
17:29:50.534249,65535,32
17:29:50.587949,65535,30
17:29:50.587949,65535,31
17:29:50.640141,65535,23
17:29:50.640141,65535,24
17:29:50.640141,65535,28
17:29:50.692402,65535,28
17:29:50.692402,65535,24
17:29:50.692402,65535,21
17:29:50.692402,65535,25
17:29:50.745157,65535,30
17:29:50.745157,65535,28
17:29:50.745157,65535,26
17:29:50.797973,65535,31
17:29:50.797973,65535,31
17:29:50.850504,65535,28
17:29:50.850504,65535,32
17:29:50.850504,65535,34
17:29:50.850504,65535,27
17:29:50.954776,65535,28
17:29:50.954776,65535,38
17:29:50.954776,65535,27
17:29:51.007244,65535,24
17:29:51.007244,65535,26
17:29:51.059797,65535,38
17:29:51.112161,65535,35
17:29:51.112161,65535,26
17:29:51.112161,65535,27
17:29:51.164795,65535,20
17:29:51.164795,65535,14
17:29:51.164795,65535,12
17:29:51.217255,65535,14
17:29:51.217255,65535,15
17:29:51.217255,65535,12
17:29:51.270222,65535,7
17:29:51.270222,65535,12
17:29:51.270222,65535,14
17:29:51.322556,65535,13
17:29:51.322556,65535,4
17:29:51.374892,65535,8
17:29:51.427087,65535,17
17:29:51.479097,65535,17
17:29:51.531227,65535,13
17:29:51.531227,65535,12
17:29:51.583693,65535,7
17:29:51.583693,65535,11
17:29:51.583693,65535,8
17:29:51.636209,65535,15
17:29:51.636209,65535,13
17:29:51.688476,65535,14
17:29:51.688476,65535,11
17:29:51.688476,65535,9
17:29:51.688476,65535,15
17:29:51.741267,65535,5
17:29:51.741267,65535,12
17:29:51.793469,65535,12
17:29:51.793469,65535,10
17:29:51.793469,65535,13
17:29:51.846159,65535,11
17:29:51.846159,65535,14
17:29:51.898480,65535,14
17:29:51.898480,65535,17
17:29:51.950557,65535,16
17:29:51.950557,65535,14
17:29:51.950557,65535,15
17:29:52.004515,65535,17
17:29:52.004515,65535,18
17:29:52.057147,65535,26
17:29:52.057147,65535,25
17:29:52.109564,65535,28
17:29:52.109564,65535,27
17:29:52.109564,65535,28
17:29:52.109564,65535,30
17:29:52.162202,65535,30
17:29:52.162202,65535,32799
17:29:52.162202,65535,33
17:29:52.266671,65535,30
17:29:52.266671,65535,28
17:29:52.319072,65535,33
17:29:52.319072,65535,29
17:29:52.371370,65535,31
17:29:52.371370,65535,28
17:29:52.371370,65535,31
17:29:52.423779,65535,31
17:29:52.423779,65535,28
17:29:52.423779,65535,32
17:29:52.476281,65535,30
17:29:52.476281,65535,33
17:29:52.476281,65535,34
17:29:52.528719,65535,35
17:29:52.528719,65535,29
17:29:52.635000,65535,28
17:29:52.635000,65535,28
17:29:52.687238,65535,24
17:29:52.687238,65535,27
17:29:52.687238,65535,33
17:29:52.739642,65535,27
17:29:52.739642,65535,30
17:29:52.791981,65535,29
17:29:52.791981,65535,26
17:29:52.791981,65535,28
17:29:52.844631,65535,31
17:29:52.844631,65535,32
17:29:52.844631,65535,27
17:29:52.897195,65535,23
17:29:52.949417,65535,30
17:29:52.949417,65535,34
17:29:52.949417,65535,32
17:29:53.001923,65535,28
17:29:53.054165,65535,27
17:29:53.107380,65535,18
17:29:53.107380,65535,20
17:29:53.107380,65535,35
17:29:53.107380,65535,23
17:29:53.160423,65535,29
17:29:53.160423,65535,19
17:29:53.212528,65535,134
17:29:53.212528,331,185
17:29:53.264803,328,221
17:29:53.264803,328,246
17:29:53.317126,328,331
17:29:53.369299,328,489
17:29:53.369299,329,691
17:29:53.421651,329,784
17:29:53.473638,330,729
17:29:53.473638,330,708
17:29:53.473638,331,694
17:29:53.526039,330,616
17:29:53.526039,333,498
17:29:53.526039,333,448
17:29:53.578779,335,290
17:29:53.578779,340,198
17:29:53.578779,340,168
17:29:53.578779,341,130
17:29:53.631413,344,118
17:29:53.631413,345,112
17:29:53.631413,345,106
17:29:53.683965,65535,95
17:29:53.683965,65535,95
17:29:53.683965,65535,94
17:29:53.736531,65535,98
17:29:53.736531,362,100
17:29:53.790521,65535,96
17:29:53.842791,65535,79
17:29:53.895016,65535,77
17:29:53.895016,65535,59
17:29:53.948493,65535,39
17:29:53.948493,65535,18
17:29:53.948493,65535,22
17:29:54.001122,65535,18
17:29:54.001122,65535,13
17:29:54.001122,65535,8
17:29:54.053552,65535,59
17:29:54.053552,318,234
17:29:54.105802,290,742
17:29:54.209969,301,1304
17:29:54.209969,303,1540
17:29:54.262306,305,1513
17:29:54.262306,304,1499
17:29:54.262306,306,1485
17:29:54.262306,306,1480
17:29:54.315982,312,1575
17:29:54.315982,312,1614
17:29:54.368417,322,1421
17:29:54.368417,327,1274
17:29:54.421087,381,433
17:29:54.421087,399,376
17:29:54.421087,417,367
17:29:54.473536,421,341
17:29:54.473536,423,299
17:29:54.473536,425,272
17:29:54.473536,426,264
17:29:54.526967,65535,11
17:29:54.630786,65535,26
17:29:54.630786,65535,21
17:29:54.685865,65535,33
17:29:54.685865,65535,30
17:29:54.685865,65535,37
17:29:54.793289,65535,41
17:29:54.793289,65535,39
17:29:54.846086,65535,40
17:29:54.846086,65535,28
17:29:54.846086,65535,24
17:29:54.898448,65535,50
17:29:54.898448,65535,171
17:29:55.002524,32813,10413
17:29:55.106458,47,2734
17:29:55.106458,51,3046
17:29:55.106458,65535,40
17:29:55.158827,65535,14
17:29:55.158827,283,243
17:29:55.211128,362,234
17:29:55.211128,381,241
17:29:55.211128,395,249
17:29:55.263655,413,221
17:29:55.263655,415,220
17:29:55.368139,408,208
17:29:55.368139,407,199
17:29:55.420698,404,169
17:29:55.420698,402,164
17:29:55.420698,402,182
17:29:55.473035,402,213
17:29:55.473035,404,215
17:29:55.525461,404,201
17:29:55.525461,408,196
17:29:55.525461,408,202
17:29:55.577748,408,202
17:29:55.577748,407,210
17:29:55.630061,412,230
17:29:55.630061,33181,238
17:29:55.682241,413,241
17:29:55.682241,412,237
17:29:55.734370,413,223
17:29:55.734370,413,216
17:29:55.786646,412,225
17:29:55.786646,411,224
17:29:55.840076,413,237
17:29:55.891999,414,220
17:29:55.943843,412,222
17:29:55.943843,411,219
17:29:55.996385,414,221
17:29:56.048541,411,230
17:29:56.048541,413,229
17:29:56.048541,414,228
17:29:56.048541,412,224
17:29:56.153124,413,230
17:29:56.205241,413,225
17:29:56.205241,413,220
17:29:56.205241,412,220
17:29:56.205241,412,228
17:29:56.258097,412,220
17:29:56.258097,415,227
17:29:56.310565,412,225
17:29:56.310565,412,230
17:29:56.414993,417,240
17:29:56.414993,416,243
17:29:56.414993,415,238
17:29:56.467629,416,242
17:29:56.467629,415,241
17:29:56.520650,415,240
17:29:56.572878,416,241
17:29:56.624877,417,247
17:29:56.624877,419,246
17:29:56.624877,417,241
17:29:56.677369,417,241
17:29:56.677369,416,238
17:29:56.677369,416,245
17:29:56.729914,416,246
17:29:56.782216,418,230
17:29:56.834428,419,235
17:29:56.834428,419,236
17:29:56.886696,421,235
17:29:56.939250,421,238
17:29:56.939250,420,238
17:29:56.939250,422,239
17:29:56.991622,422,243
17:29:56.991622,423,231
17:29:57.043705,421,236
17:29:57.095809,422,234
17:29:57.095809,421,233
17:29:57.095809,423,243
17:29:57.148220,423,230
17:29:57.148220,422,237
17:29:57.200569,421,237
17:29:57.252778,422,236
17:29:57.252778,421,239
17:29:57.252778,419,236
17:29:57.306841,421,238
17:29:57.306841,422,238
17:29:57.306841,423,247
17:29:57.306841,422,241
17:29:57.359287,420,234
17:29:57.359287,423,240
17:29:57.411640,421,238
17:29:57.411640,419,236
17:29:57.464138,420,238
17:29:57.464138,421,236
17:29:57.464138,420,231
17:29:57.516629,420,228
17:29:57.568949,421,236
17:29:57.568949,422,232
17:29:57.568949,421,231
17:29:57.568949,422,233
17:29:57.621399,423,236
17:29:57.621399,33191,231
17:29:57.621399,423,240
17:29:57.621399,423,236
17:29:57.676122,422,235
17:29:57.676122,422,232
17:29:57.676122,420,235
17:29:57.728378,421,240
17:29:57.728378,421,235
17:29:57.780752,421,240
17:29:57.780752,420,236
17:29:57.833059,420,233
17:29:57.885297,421,237
17:29:57.885297,421,235
17:29:57.939090,422,234
17:29:57.939090,423,242
17:29:57.991118,421,232
17:29:57.991118,421,233
17:29:58.043568,423,240
17:29:58.043568,423,238
17:29:58.043568,424,234
17:29:58.096392,422,234
17:29:58.096392,423,238
17:29:58.096392,422,239
17:29:58.149945,421,233
17:29:58.149945,423,234
17:29:58.202097,423,231
17:29:58.202097,422,237
17:29:58.202097,424,236
17:29:58.254770,422,236
17:29:58.307035,424,236
17:29:58.307035,423,240
17:29:58.307035,420,240
17:29:58.359697,421,236
17:29:58.359697,423,234
17:29:58.412183,425,232
17:29:58.464092,422,237
17:29:58.464092,422,237
17:29:58.464092,423,236
17:29:58.516640,423,238
17:29:58.569052,424,235
17:29:58.569052,423,235
17:29:58.621451,424,240
17:29:58.621451,424,238
17:29:58.621451,424,236
17:29:58.674052,422,244
17:29:58.674052,421,245
17:29:58.674052,421,234
17:29:58.674052,422,237
17:29:58.726597,423,238
17:29:58.726597,424,240
17:29:58.778667,423,237
17:29:58.778667,423,240
17:29:58.778667,424,238
17:29:58.831385,423,235
17:29:58.831385,424,230
17:29:58.883791,422,233
17:29:58.883791,422,238
17:29:58.883791,421,236
17:29:58.936815,423,235
17:29:58.936815,422,243
17:29:58.989874,423,235
17:29:58.989874,426,237
17:29:58.989874,426,240
17:29:59.042880,423,238
17:29:59.096013,422,235
17:29:59.147808,423,235
17:29:59.147808,422,232
17:29:59.147808,422,236
17:29:59.200170,423,232
17:29:59.252467,421,235
17:29:59.252467,423,242
17:29:59.305113,422,236
17:29:59.305113,422,235
17:29:59.357729,423,243
17:29:59.357729,421,237
17:29:59.357729,421,238
17:29:59.410171,422,242
17:29:59.410171,420,240
17:29:59.462378,422,232
17:29:59.462378,422,240
17:29:59.462378,422,237
17:29:59.515451,422,239
17:29:59.568457,422,232
17:29:59.568457,422,239
17:29:59.568457,422,231
17:29:59.621000,423,232
17:29:59.621000,420,234
17:29:59.673224,421,236
17:29:59.673224,423,241
17:29:59.727007,422,236
17:29:59.727007,422,240
17:29:59.780615,423,242
17:29:59.780615,423,238
17:29:59.832915,423,234
17:29:59.832915,423,239
17:29:59.832915,422,235
17:29:59.885242,420,238
17:29:59.885242,421,240
17:29:59.885242,420,240
17:29:59.938890,422,236
17:29:59.991515,421,236
17:29:59.991515,420,237
