17:15:25.700729,65534,65535
17:15:25.700729,65534,65535
17:15:25.700729,65534,65535
17:15:25.700729,65534,65535
17:15:25.753821,65534,65535
17:15:25.753821,65534,65535
17:15:25.805904,15,24412
17:15:25.858031,15,23576
17:15:25.910079,15,21066
17:15:25.910079,15,21169
17:15:25.910079,15,20776
17:15:25.910079,15,19783
17:15:25.962748,15,18016
17:15:25.962748,14,17607
17:15:25.962748,14,16239
17:15:25.962748,14,15299
17:15:26.015491,14,13506
17:15:26.067573,14,17621
17:15:26.067573,15,19877
17:15:26.119757,15,21051
17:15:26.119757,15,19554
17:15:26.119757,15,17178
17:15:26.172086,15,14445
17:15:26.172086,15,11545
17:15:26.224541,15,13728
17:15:26.276713,65534,65535
17:15:26.276713,16,20909
17:15:26.276713,16,20587
17:15:26.276713,16,6333
17:15:26.328897,16,6655
17:15:26.328897,17,21203
17:15:26.328897,17,17539
17:15:26.380893,18,2453
17:15:26.380893,21,3388
17:15:26.433259,65534,65535
17:15:26.433259,65534,65535
17:15:26.433259,65534,65535
17:15:26.485530,21,8023
17:15:26.485530,22,9659
17:15:26.485530,22,9452
17:15:26.537972,24,3087
17:15:26.537972,24,2177
17:15:26.537972,27,3701
17:15:26.537972,27,3565
17:15:26.590281,28,6186
17:15:26.642173,65534,65535
17:15:26.642173,28,6415
17:15:26.694771,29,12389
17:15:26.694771,65534,65535
17:15:26.747164,65534,65535
17:15:26.747164,32,48745
17:15:26.799217,65534,65535
17:15:26.799217,35,26652
17:15:26.799217,36,6672
17:15:26.851297,39,38303
17:15:26.851297,41,6063
17:15:26.903573,43,6510
17:15:26.903573,43,3342
17:15:26.955626,48,6010
17:15:27.007599,52,5494
17:15:27.007599,53,6077
17:15:27.059577,56,8478
17:15:27.059577,57,10964
17:15:27.111691,58,12675
17:15:27.111691,59,12527
17:15:27.111691,60,11047
17:15:27.111691,61,9664
17:15:27.216063,66,6409
17:15:27.216063,67,5907
17:15:27.268475,69,5610
17:15:27.320355,73,3167
17:15:27.372465,75,3811
17:15:27.424468,76,4434
17:15:27.424468,76,4668
17:15:27.424468,77,4410
17:15:27.424468,77,4358
17:15:27.476882,78,2312
17:15:27.476882,83,2672
17:15:27.528905,84,2295
17:15:27.528905,84,2165
17:15:27.528905,86,2157
17:15:27.581090,87,2135
17:15:27.633080,89,2011
17:15:27.633080,89,2250
17:15:27.633080,91,2333
17:15:27.685632,92,2432
17:15:27.685632,92,2341
17:15:27.685632,94,2281
17:15:27.737791,95,2104
17:15:27.737791,97,1999
17:15:27.789869,98,1857
17:15:27.789869,99,1806
17:15:27.789869,101,1764
17:15:27.842143,102,1766
17:15:27.842143,104,1747
17:15:27.842143,104,1613
17:15:27.894419,106,1957
17:15:27.894419,108,2610
17:15:27.894419,109,2596
17:15:27.948455,111,2518
17:15:28.001720,115,2640
17:15:28.053852,117,2473
17:15:28.053852,117,1634
17:15:28.106311,117,7283
17:15:28.158445,119,16317
17:15:28.158445,120,13296
17:15:28.262269,125,17892
17:15:28.262269,126,17944
17:15:28.262269,126,17085
17:15:28.314530,129,17386
17:15:28.366418,130,16133
17:15:28.366418,132,14952
17:15:28.418826,135,15250
17:15:28.418826,136,14478
17:15:28.418826,136,14427
17:15:28.471283,137,14696
17:15:28.471283,138,14708
17:15:28.523535,141,12834
17:15:28.523535,141,13031
17:15:28.523535,142,12655
17:15:28.523535,143,11801
17:15:28.575853,146,6224
17:15:28.575853,147,4594
17:15:28.627914,150,2891
17:15:28.679849,152,4069
17:15:28.679849,153,4448
17:15:28.732168,155,7363
17:15:28.732168,157,7237
17:15:28.784380,161,7224
17:15:28.836178,162,8001
17:15:28.836178,163,8443
17:15:28.836178,164,7609
17:15:28.836178,165,6909
17:15:28.888559,166,6677
17:15:28.940823,170,11795
17:15:28.940823,170,11820
17:15:29.044657,174,9519
17:15:29.096558,177,10685
17:15:29.096558,178,10562
17:15:29.096558,179,11560
17:15:29.096558,179,12043
17:15:29.148882,181,12477
17:15:29.148882,181,11695
17:15:29.148882,182,10969
17:15:29.201491,186,7322
17:15:29.253526,187,7772
17:15:29.253526,188,8385
17:15:29.253526,189,8355
17:15:29.253526,190,8346
17:15:29.305910,192,8415
17:15:29.357950,195,8742
17:15:29.357950,196,7250
17:15:29.357950,196,6969
17:15:29.410346,198,6365
17:15:29.410346,198,6273
17:15:29.462466,203,7092
17:15:29.514584,205,8123
17:15:29.514584,205,8290
17:15:29.566562,208,7417
17:15:29.618393,210,7179
17:15:29.618393,210,6774
17:15:29.670456,212,7505
17:15:29.670456,213,7764
17:15:29.670456,213,7869
17:15:29.723029,216,7673
17:15:29.775108,216,7761
17:15:29.775108,218,8086
17:15:29.878855,221,7471
17:15:29.878855,222,7941
17:15:29.930779,225,7327
17:15:29.930779,225,7628
17:15:29.930779,225,8201
17:15:29.983099,227,7838
17:15:29.983099,228,7598
17:15:30.035252,230,8423
17:15:30.035252,231,7887
17:15:30.087465,233,4272
17:15:30.087465,235,2526
17:15:30.139506,235,1925
17:15:30.139506,236,2971
17:15:30.139506,236,3372
17:15:30.191600,238,4988
17:15:30.191600,239,4807
17:15:30.243914,241,4666
17:15:30.243914,242,4803
17:15:30.295966,244,5163
17:15:30.295966,244,4675
17:15:30.295966,246,3835
17:15:30.348168,248,3406
17:15:30.348168,249,3913
17:15:30.400382,252,2309
17:15:30.400382,253,2028
17:15:30.452673,255,1772
17:15:30.452673,255,1651
17:15:30.504991,257,1931
17:15:30.504991,258,2223
17:15:30.504991,258,2410
17:15:30.557329,259,2142
17:15:30.557329,33028,2016
17:15:30.609495,262,1810
17:15:30.609495,263,3316
17:15:30.661705,264,5026
17:15:30.713507,265,5934
17:15:30.713507,266,6028
17:15:30.765525,267,5182
17:15:30.765525,268,5206
17:15:30.817609,269,5656
17:15:30.817609,271,5933
17:15:30.869669,272,6769
17:15:30.869669,272,7803
17:15:30.869669,272,8381
17:15:30.922054,273,9921
17:15:30.922054,274,10171
17:15:30.922054,274,10811
17:15:30.974643,276,8585
17:15:30.974643,276,7881
17:15:31.026875,278,4622
17:15:31.026875,280,3224
17:15:31.079165,280,3347
17:15:31.079165,281,3250
17:15:31.131463,283,3577
17:15:31.131463,283,5263
17:15:31.131463,283,5584
17:15:31.186328,284,7858
17:15:31.186328,284,8783
17:15:31.186328,284,10206
17:15:31.186328,285,10566
17:15:31.238750,286,10547
17:15:31.238750,286,10123
17:15:31.238750,286,9553
17:15:31.238750,287,8831
17:15:31.291229,287,7834
17:15:31.291229,289,5692
17:15:31.291229,289,5117
17:15:31.343621,290,4763
17:15:31.395635,419,38535
17:15:31.448041,292,8926
17:15:31.448041,292,9559
17:15:31.500581,293,8755
17:15:31.552342,294,7832
17:15:31.604463,295,8386
17:15:31.604463,295,9419
17:15:31.604463,296,8857
17:15:31.656739,296,6625
17:15:31.708716,299,6218
17:15:31.760633,300,9437
17:15:31.760633,300,8795
17:15:31.812826,301,8355
17:15:31.812826,301,7049
17:15:31.812826,301,4768
17:15:31.812826,301,3923
17:15:31.865282,301,3448
17:15:31.865282,301,3606
17:15:31.865282,302,4004
17:15:31.865282,302,3774
17:15:31.917786,302,4735
17:15:31.917786,302,5335
17:15:31.917786,302,5230
17:15:31.970259,302,6029
17:15:32.022389,303,6802
17:15:32.022389,303,6864
17:15:32.022389,303,6897
17:15:32.074703,303,6887
17:15:32.074703,303,6910
17:15:32.074703,304,6233
17:15:32.126919,304,4879
17:15:32.126919,305,3598
17:15:32.179130,306,5857
17:15:32.231099,306,6227
17:15:32.231099,306,6616
17:15:32.283373,307,6514
17:15:32.283373,307,6552
17:15:32.335680,307,6023
17:15:32.335680,307,5972
17:15:32.387817,307,4136
17:15:32.387817,306,3595
17:15:32.387817,306,3529
17:15:32.440201,306,4430
17:15:32.440201,306,5974
17:15:32.440201,305,6774
17:15:32.492362,305,7520
17:15:32.492362,305,7670
17:15:32.544319,306,7189
17:15:32.596080,306,7132
17:15:32.596080,306,6998
17:15:32.596080,306,6930
17:15:32.596080,306,7108
17:15:32.648258,306,7022
17:15:32.648258,306,7231
17:15:32.700397,307,7184
17:15:32.752149,307,7328
17:15:32.752149,307,7340
17:15:32.804356,307,7579
17:15:32.804356,307,7644
17:15:32.856373,307,8403
17:15:32.856373,307,8188
17:15:32.856373,308,7701
17:15:32.908733,308,8135
17:15:32.908733,308,7656
17:15:32.908733,308,7382
17:15:32.908733,308,7400
17:15:32.961351,308,6522
17:15:33.013487,308,7626
17:15:33.013487,308,7759
17:15:33.013487,308,7814
17:15:33.065763,308,8219
17:15:33.065763,308,8400
17:15:33.065763,308,7880
17:15:33.117942,308,5110
17:15:33.117942,308,4392
17:15:33.169925,309,4065
17:15:33.169925,309,5522
17:15:33.222061,309,7024
17:15:33.222061,309,7634
17:15:33.222061,309,7968
17:15:33.222061,310,8214
17:15:33.274790,310,7470
17:15:33.326802,310,6160
17:15:33.378967,310,3574
17:15:33.378967,310,3951
17:15:33.431282,310,4227
17:15:33.483091,310,3857
17:15:33.535315,311,3990
17:15:33.535315,312,4319
17:15:33.587307,312,6071
17:15:33.587307,312,6159
17:15:33.639479,313,6107
17:15:33.639479,313,6124
17:15:33.639479,313,7142
17:15:33.691994,313,8860
17:15:33.691994,313,8851
17:15:33.691994,313,8913
17:15:33.691994,442,42464
17:15:33.796599,315,9386
17:15:33.796599,315,8955
17:15:33.848837,316,7867
17:15:33.848837,316,7368
17:15:33.900999,317,7031
17:15:33.900999,317,6287
17:15:33.900999,317,6289
17:15:33.953375,317,6694
17:15:33.953375,317,7401
17:15:34.005568,317,7632
17:15:34.005568,317,7608
17:15:34.005568,318,7518
17:15:34.005568,318,7174
17:15:34.057990,318,6959
17:15:34.057990,319,7035
17:15:34.161889,321,7624
17:15:34.161889,321,7704
17:15:34.214523,322,7605
17:15:34.270460,323,6092
17:15:34.270460,325,4717
17:15:34.324079,326,4652
17:15:34.324079,327,4289
17:15:34.376245,328,3886
17:15:34.376245,328,4002
17:15:34.376245,329,3982
17:15:34.376245,329,3997
17:15:34.433169,330,4103
17:15:34.433169,331,4275
17:15:34.433169,332,4695
17:15:34.589288,337,4591
17:15:34.589288,338,4430
17:15:34.589288,338,4233
17:15:34.641552,340,3899
17:15:34.641552,341,3825
17:15:34.745917,343,4479
17:15:34.745917,344,4340
17:15:34.745917,345,4176
17:15:34.745917,345,3730
17:15:34.798430,348,3909
17:15:34.850461,351,5905
17:15:34.902631,352,6700
17:15:34.954788,355,6821
17:15:34.954788,355,7002
17:15:34.954788,356,7055
17:15:35.058310,357,7034
17:15:35.058310,359,6713
17:15:35.058310,361,5480
17:15:35.110953,362,5187
17:15:35.110953,362,5123
17:15:35.110953,363,5242
17:15:35.163329,365,4989
17:15:35.163329,366,5013
17:15:35.215540,368,4554
17:15:35.215540,369,4143
17:15:35.268088,370,4757
17:15:35.268088,371,4743
17:15:35.320267,372,5299
17:15:35.320267,374,4816
17:15:35.320267,375,4700
17:15:35.372561,376,4526
17:15:35.424962,380,3108
17:15:35.424962,381,3053
17:15:35.477058,382,3278
17:15:35.477058,383,3863
17:15:35.477058,384,4354
17:15:35.529176,385,4538
17:15:35.529176,386,4680
17:15:35.529176,387,4712
17:15:35.581732,389,4848
17:15:35.581732,390,5006
17:15:35.581732,391,4990
17:15:35.634134,392,4920
17:15:35.634134,394,4611
17:15:35.686635,395,4446
17:15:35.738653,398,37236
17:15:35.790712,401,4243
17:15:35.842735,406,4078
17:15:35.895211,408,4111
17:15:35.895211,409,3921
17:15:35.947661,412,3707
17:15:36.051714,418,35235
17:15:36.051714,419,2654
17:15:36.051714,420,2693
17:15:36.104107,422,2610
17:15:36.156190,424,2442
17:15:36.156190,425,2471
17:15:36.156190,425,2513
17:15:36.208498,426,2450
17:15:36.260545,431,2286
17:15:36.312548,432,2491
17:15:36.312548,433,2866
17:15:36.364873,434,2944
17:15:36.416695,436,3393
17:15:36.416695,436,3377
17:15:36.468845,439,3395
17:15:36.520772,441,3314
17:15:36.572904,442,3675
17:15:36.572904,443,3571
17:15:36.572904,443,3418
17:15:36.625156,444,3419
17:15:36.625156,445,3574
17:15:36.625156,445,3533
17:15:36.625156,446,3415
17:15:36.677853,447,3509
17:15:36.677853,448,3526
17:15:36.677853,448,3501
17:15:36.730347,450,3355
17:15:36.730347,451,3320
17:15:36.782413,452,3174
17:15:36.782413,453,3176
17:15:36.834798,456,3295
17:15:36.834798,457,3144
17:15:36.886867,458,3191
17:15:36.886867,459,2962
17:15:36.938966,462,2176
17:15:36.938966,463,2243
17:15:36.991208,464,2292
17:15:36.991208,465,2311
17:15:36.991208,465,2316
17:15:37.043800,467,2086
17:15:37.043800,468,2326
17:15:37.043800,469,2447
17:15:37.096074,470,2473
17:15:37.148652,473,2623
17:15:37.148652,474,2500
17:15:37.204024,475,2074
17:15:37.204024,477,1987
17:15:37.204024,477,2033
17:15:37.256781,480,2233
17:15:37.308759,480,2363
17:15:37.308759,481,2415
17:15:37.360950,484,2451
17:15:37.360950,484,2381
17:15:37.360950,485,2299
17:15:37.413109,485,2150
17:15:37.413109,486,2269
17:15:37.413109,486,2198
17:15:37.465614,488,2084
17:15:37.465614,489,2096
17:15:37.517716,490,2055
17:15:37.517716,490,2118
17:15:37.517716,492,2234
17:15:37.621923,494,2517
17:15:37.621923,495,2588
17:15:37.621923,496,2567
17:15:37.621923,496,2600
17:15:37.674791,498,2534
17:15:37.726454,500,2501
17:15:37.726454,500,2533
17:15:37.726454,501,2515
17:15:37.726454,501,2456
17:15:37.778733,503,2401
17:15:37.830637,506,2246
17:15:37.830637,507,2297
17:15:37.882825,508,2319
17:15:37.882825,508,2244
17:15:37.882825,510,2101
17:15:37.935185,511,2003
17:15:37.935185,511,2200
17:15:37.987098,514,2285
17:15:37.987098,515,2264
17:15:38.039223,516,2052
17:15:38.091377,519,1928
17:15:38.091377,519,1860
17:15:38.091377,519,1920
17:15:38.143920,523,2139
17:15:38.195804,524,2305
17:15:38.195804,525,2252
17:15:38.247786,526,2025
17:15:38.247786,526,1893
17:15:38.247786,528,1830
17:15:38.299970,529,1821
17:15:38.299970,528,1846
17:15:38.299970,530,1837
17:15:38.352150,530,1748
17:15:38.352150,531,1767
17:15:38.352150,531,1875
17:15:38.352150,531,1935
17:15:38.456380,534,2209
17:15:38.456380,534,2194
17:15:38.456380,535,2192
17:15:38.508642,536,2026
17:15:38.560387,538,1971
17:15:38.612226,540,2024
17:15:38.612226,540,2051
17:15:38.612226,541,2069
17:15:38.664601,542,1948
17:15:38.664601,543,1950
17:15:38.664601,543,1979
17:15:38.717064,544,2311
17:15:38.717064,544,2327
17:15:38.717064,544,2315
17:15:38.820888,549,2176
17:15:38.820888,549,2201
17:15:38.873119,551,1985
17:15:38.925087,554,1822
17:15:38.977056,555,1855
17:15:38.977056,556,1861
17:15:38.977056,557,2016
17:15:39.029372,557,2034
17:15:39.029372,559,2306
17:15:39.029372,559,2401
17:15:39.081439,561,2240
17:15:39.133491,563,1845
17:15:39.133491,563,1824
17:15:39.133491,563,1838
17:15:39.133491,564,1834
17:15:39.186148,564,2039
17:15:39.186148,565,1971
17:15:39.186148,566,1802
17:15:39.238753,568,1682
17:15:39.238753,569,1363
17:15:39.290978,571,1355
17:15:39.290978,571,1283
17:15:39.290978,572,1279
17:15:39.343136,572,3215
17:15:39.343136,572,3493
17:15:39.343136,572,3396
17:15:39.343136,573,3531
17:15:39.395579,573,3547
17:15:39.395579,573,4111
17:15:39.395579,574,4062
17:15:39.447995,574,4435
17:15:39.447995,575,4439
17:15:39.499926,576,4391
17:15:39.499926,576,4294
17:15:39.499926,576,4152
17:15:39.552005,577,3704
17:15:39.552005,577,3669
17:15:39.552005,577,3903
17:15:39.604142,578,4405
17:15:39.604142,578,4514
17:15:39.604142,578,4620
17:15:39.707946,579,4951
17:15:39.707946,579,4979
17:15:39.760114,580,4650
17:15:39.812113,580,4985
17:15:39.812113,580,5000
17:15:39.812113,580,5016
17:15:39.864425,581,4905
17:15:39.864425,581,4624
17:15:39.916755,582,4727
17:15:39.916755,582,4765
17:15:39.916755,582,4734
17:15:39.968967,582,4641
17:15:39.968967,582,4620
17:15:39.968967,582,4664
17:15:40.021358,583,4506
17:15:40.073260,583,4733
17:15:40.073260,583,4389
17:15:40.125428,583,4073
17:15:40.125428,583,4088
17:15:40.125428,584,4194
17:15:40.177683,584,4142
17:15:40.229924,584,3992
17:15:40.229924,585,4039
17:15:40.229924,585,4060
17:15:40.229924,585,4056
17:15:40.282423,585,4207
17:15:40.282423,585,4349
17:15:40.334456,585,4668
17:15:40.334456,585,4866
17:15:40.334456,585,4680
17:15:40.386621,585,4353
17:15:40.386621,585,4537
17:15:40.386621,585,4567
17:15:40.439125,585,4587
17:15:40.439125,586,4716
17:15:40.542914,586,4906
17:15:40.542914,586,4918
17:15:40.542914,586,4921
17:15:40.595133,586,4995
17:15:40.647073,587,4693
17:15:40.647073,587,4741
17:15:40.647073,587,4735
17:15:40.701353,587,4592
17:15:40.701353,587,4504
17:15:40.701353,587,4353
17:15:40.753946,587,4475
17:15:40.753946,587,4542
17:15:40.753946,587,4471
17:15:40.753946,587,4378
17:15:40.806338,587,4447
17:15:40.806338,587,4572
17:15:40.859283,587,4565
17:15:40.911630,587,4466
17:15:40.911630,587,4411
17:15:40.963822,587,4210
17:15:41.015779,587,4385
17:15:41.015779,587,4418
17:15:41.068031,588,4514
17:15:41.120085,588,4448
17:15:41.120085,588,4460
17:15:41.172229,588,4575
17:15:41.224303,587,4553
17:15:41.224303,588,4265
17:15:41.276278,587,4648
17:15:41.276278,587,4775
17:15:41.328506,588,4691
17:15:41.328506,587,4707
17:15:41.328506,588,4711
17:15:41.380789,587,4708
17:15:41.380789,587,4730
17:15:41.432976,587,4846
17:15:41.432976,587,4780
17:15:41.485273,587,4686
17:15:41.485273,587,4698
17:15:41.537365,587,4684
17:15:41.537365,587,4695
17:15:41.537365,587,4701
17:15:41.537365,587,4737
17:15:41.589730,587,4655
17:15:41.641914,587,4663
17:15:41.641914,587,4599
17:15:41.694130,587,4704
17:15:41.746355,587,4687
17:15:41.746355,587,4697
17:15:41.746355,586,4702
17:15:41.798575,586,4808
17:15:41.850777,587,4647
17:15:41.850777,586,4649
17:15:41.850777,587,4674
17:15:41.850777,587,4712
17:15:41.903298,587,4625
17:15:41.955147,586,4538
17:15:41.955147,587,4700
17:15:41.955147,586,4892
17:15:42.007641,587,4652
17:15:42.059599,587,4755
17:15:42.059599,33355,4738
17:15:42.111645,586,4464
17:15:42.111645,586,4519
17:15:42.164111,586,4731
17:15:42.216332,586,4725
17:15:42.216332,586,4697
17:15:42.268523,586,4728
17:15:42.320192,586,4670
17:15:42.320192,586,4818
17:15:42.320192,586,4873
17:15:42.424347,586,4631
17:15:42.476352,586,4439
17:15:42.476352,586,4546
17:15:42.528424,586,4669
17:15:42.528424,586,4679
17:15:42.528424,586,4598
17:15:42.580629,586,4363
17:15:42.580629,586,4375
17:15:42.580629,586,4494
17:15:42.632787,586,4320
17:15:42.632787,586,3884
17:15:42.685387,587,3674
17:15:42.737459,587,3788
17:15:42.737459,587,3837
17:15:42.789421,586,3100
17:15:42.789421,586,3058
17:15:42.893449,587,2539
17:15:42.893449,587,2500
17:15:42.945808,586,3617
17:15:42.997688,586,3960
17:15:42.997688,586,4013
17:15:42.997688,586,4027
17:15:42.997688,586,4042
17:15:43.050378,586,3979
17:15:43.050378,586,3808
17:15:43.050378,586,3640
17:15:43.050378,586,3570
17:15:43.103026,585,4193
17:15:43.103026,585,4364
17:15:43.155221,585,4123
17:15:43.207093,585,3993
17:15:43.259232,585,3972
17:15:43.259232,585,3973
17:15:43.311317,585,4032
17:15:43.311317,585,4204
17:15:43.363781,585,4044
17:15:43.363781,585,3954
17:15:43.363781,585,3975
17:15:43.416191,585,3774
17:15:43.416191,585,3409
17:15:43.416191,585,3352
17:15:43.468408,586,2397
17:15:43.468408,586,2076
17:15:43.468408,586,2437
17:15:43.468408,586,2678
17:15:43.520761,586,2625
17:15:43.520761,586,2414
17:15:43.520761,586,2438
17:15:43.572928,586,2647
17:15:43.572928,586,2457
17:15:43.572928,586,2397
17:15:43.625340,585,2387
17:15:43.625340,585,2587
17:15:43.678890,585,2311
17:15:43.678890,585,3483
17:15:43.678890,585,3550
17:15:43.731110,585,3412
17:15:43.731110,584,3342
17:15:43.783306,585,2323
17:15:43.783306,585,2622
17:15:43.835457,585,2199
17:15:43.835457,585,1987
17:15:43.887687,585,2648
17:15:43.939691,584,3371
17:15:43.991611,584,4453
17:15:43.991611,584,4477
17:15:44.043834,33352,4135
17:15:44.043834,584,4503
17:15:44.096047,584,4711
17:15:44.096047,584,4687
17:15:44.148160,584,4624
17:15:44.148160,584,4166
17:15:44.200466,584,4073
17:15:44.200466,585,3688
17:15:44.252678,584,4049
17:15:44.252678,585,4173
17:15:44.252678,585,4313
17:15:44.356662,585,4695
17:15:44.356662,585,4805
17:15:44.409137,585,4607
17:15:44.409137,586,4258
17:15:44.461255,587,2900
17:15:44.513280,588,2934
17:15:44.513280,588,2642
17:15:44.513280,588,2145
17:15:44.565420,589,2169
17:15:44.565420,589,2246
17:15:44.617408,589,2811
17:15:44.669339,591,2150
17:15:44.721523,591,3470
17:15:44.721523,591,3625
17:15:44.721523,591,3711
17:15:44.773835,591,3879
17:15:44.825854,593,2547
17:15:44.825854,593,2414
17:15:44.877985,594,1969
17:15:44.930312,595,2297
17:15:44.930312,595,2232
17:15:44.930312,596,2069
17:15:44.982564,597,2360
17:15:45.034578,598,2210
17:15:45.034578,599,2163
17:15:45.086797,600,2533
17:15:45.086797,601,2639
17:15:45.139045,602,2644
17:15:45.139045,602,2836
17:15:45.191093,603,3779
17:15:45.243380,605,3792
17:15:45.243380,606,3565
17:15:45.295672,607,3562
17:15:45.295672,607,3704
17:15:45.347751,609,4411
17:15:45.347751,610,4442
17:15:45.399737,611,3962
17:15:45.399737,612,3821
17:15:45.399737,612,3752
17:15:45.451990,614,4277
17:15:45.451990,615,3890
17:15:45.503982,618,2533
17:15:45.503982,619,2557
17:15:45.555924,621,1797
17:15:45.555924,622,1379
17:15:45.555924,624,765
17:15:45.608134,630,736
17:15:45.659839,639,475
17:15:45.711653,656,269
17:15:45.711653,658,273
17:15:45.711653,659,279
17:15:45.765063,654,348
17:15:45.765063,650,356
17:15:45.817175,662,264
17:15:45.817175,671,249
17:15:45.869323,681,258
17:15:45.869323,657,435
17:15:45.921516,648,543
17:15:45.921516,648,577
17:15:45.973774,649,517
17:15:46.025675,651,541
17:15:46.025675,651,532
17:15:46.025675,651,780
17:15:46.077974,649,1033
17:15:46.077974,648,1409
17:15:46.077974,647,1510
17:15:46.077974,648,1576
17:15:46.130495,649,2091
17:15:46.130495,650,2193
17:15:46.130495,650,2332
17:15:46.235111,659,720
17:15:46.235111,663,457
17:15:46.235111,666,456
17:15:46.287180,672,399
17:15:46.287180,674,359
17:15:46.339129,686,260
17:15:46.391137,679,447
17:15:46.443111,672,746
17:15:46.443111,670,1073
17:15:46.495194,671,1332
17:15:46.495194,670,1369
17:15:46.495194,671,1405
17:15:46.547413,671,1799
17:15:46.547413,672,1891
17:15:46.599417,674,2353
17:15:46.599417,675,1677
17:15:46.651655,681,902
17:15:46.651655,682,764
17:15:46.703827,688,603
17:15:46.703827,683,1305
17:15:46.756058,682,1428
17:15:46.756058,683,1409
17:15:46.756058,685,1312
17:15:46.808282,690,768
17:15:46.808282,688,1052
17:15:46.860510,689,1371
17:15:46.860510,691,1287
17:15:46.860510,692,1147
17:15:46.912829,700,520
17:15:46.964893,705,382
17:15:47.016969,725,232
17:15:47.068869,738,259
17:15:47.068869,742,215
17:15:47.121171,774,114
17:15:47.174339,949,108
17:15:47.174339,65535,99
17:15:47.174339,65535,113
17:15:47.226502,838,126
17:15:47.226502,834,117
17:15:47.278468,835,103
17:15:47.278468,835,107
17:15:47.331949,835,143
17:15:47.331949,808,242
17:15:47.388204,742,563
17:15:47.388204,728,642
17:15:47.388204,725,614
17:15:47.443700,726,528
17:15:47.443700,722,812
17:15:47.443700,720,1140
17:15:47.496096,720,1768
17:15:47.547925,721,1921
17:15:47.547925,722,2104
17:15:47.547925,722,2192
17:15:47.652126,731,917
17:15:47.652126,731,811
17:15:47.652126,733,846
17:15:47.756469,739,598
17:15:47.808564,743,601
17:15:47.808564,746,558
17:15:47.808564,746,506
17:15:47.808564,749,490
17:15:47.860945,761,183
17:15:47.964928,65535,81
17:15:48.016708,65535,99
17:15:48.068949,65535,81
17:15:48.068949,65535,79
17:15:48.068949,65535,87
17:15:48.121070,65535,85
17:15:48.172956,65535,81
17:15:48.172956,65535,89
17:15:48.172956,65535,81
17:15:48.225610,65535,80
17:15:48.225610,65535,92
17:15:48.277735,65535,97
17:15:48.277735,65535,105
17:15:48.329778,65535,91
17:15:48.329778,65535,98
17:15:48.329778,65535,96
17:15:48.382131,65535,84
17:15:48.382131,65535,105
17:15:48.434348,65535,99
17:15:48.486378,65535,99
17:15:48.486378,65535,91
17:15:48.538509,65535,90
17:15:48.538509,65535,97
17:15:48.538509,65535,94
17:15:48.590967,65535,96
17:15:48.642927,65535,91
17:15:48.642927,65535,89
17:15:48.642927,65535,88
17:15:48.695560,65535,82
17:15:48.747525,65535,103
17:15:48.747525,1130,105
17:15:48.799615,65535,89
17:15:48.851756,65535,93
17:15:48.851756,65535,82
17:15:48.903968,65535,81
17:15:48.903968,65535,80
17:15:48.903968,65535,81
17:15:48.956182,65535,94
17:15:48.956182,65535,96
17:15:49.008320,65535,89
17:15:49.008320,65535,81
17:15:49.008320,65535,95
17:15:49.060512,65535,99
17:15:49.060512,65535,91
17:15:49.060512,65535,98
17:15:49.060512,65535,100
17:15:49.112948,876,104
17:15:49.112948,878,104
17:15:49.165147,881,100
17:15:49.165147,65535,99
17:15:49.165147,65535,103
17:15:49.217279,889,108
17:15:49.217279,890,114
17:15:49.269282,891,126
17:15:49.269282,891,127
17:15:49.269282,892,125
17:15:49.321522,896,109
17:15:49.373380,897,114
17:15:49.373380,898,116
17:15:49.373380,900,105
17:15:49.425598,65535,85
17:15:49.477599,65535,93
17:15:49.477599,65535,92
17:15:49.477599,65535,93
17:15:49.529785,65535,80
17:15:49.529785,65535,74
17:15:49.529785,65535,80
17:15:49.529785,65535,78
17:15:49.582124,65535,88
17:15:49.634316,65535,89
17:15:49.686438,65535,89
17:15:49.686438,65535,89
17:15:49.686438,65535,105
17:15:49.738667,897,263
17:15:49.738667,854,376
17:15:49.738667,829,435
17:15:49.738667,818,466
17:15:49.790991,812,438
17:15:49.790991,813,399
17:15:49.790991,814,368
17:15:49.843149,65535,87
17:15:49.843149,65535,94
17:15:49.895219,837,390
17:15:49.947310,808,684
17:15:49.947310,807,701
17:15:49.947310,807,634
17:15:49.947310,807,656
17:15:49.999643,805,816
17:15:49.999643,806,824
17:15:50.051878,807,778
17:15:50.051878,807,757
17:15:50.051878,807,731
17:15:50.104192,818,328
17:15:50.104192,825,101
17:15:50.156635,855,283
17:15:50.156635,833,439
17:15:50.208796,810,788
17:15:50.208796,818,420
17:15:50.260815,65535,85
17:15:50.313053,65535,84
17:15:50.313053,65535,107
17:15:50.365484,842,305
17:15:50.417688,837,108
17:15:50.417688,65535,89
17:15:50.469770,65535,84
17:15:50.469770,65535,96
17:15:50.469770,65535,89
17:15:50.521923,65535,94
17:15:50.521923,65535,91
17:15:50.573930,65535,80
17:15:50.626010,65535,72
17:15:50.626010,65535,74
17:15:50.678202,65535,75
17:15:50.678202,65535,67
17:15:50.678202,65535,65
17:15:50.730518,65535,73
17:15:50.782572,65535,100
17:15:50.834479,65535,91
17:15:50.834479,65535,84
17:15:50.886853,65535,90
17:15:50.886853,65535,88
17:15:50.938917,65535,90
17:15:50.991011,65535,81
17:15:50.991011,65535,78
17:15:50.991011,65535,74
17:15:51.043312,65535,80
17:15:51.043312,65535,82
17:15:51.043312,65535,74
17:15:51.095841,65535,82
17:15:51.095841,65535,70
17:15:51.148043,65535,92
17:15:51.200395,65535,102
17:15:51.252423,65535,95
17:15:51.252423,65535,85
17:15:51.252423,65535,82
17:15:51.356509,846,375
17:15:51.408379,824,416
17:15:51.408379,823,463
17:15:51.408379,819,552
17:15:51.460534,819,482
17:15:51.460534,820,458
17:15:51.460534,819,443
17:15:51.512847,822,437
17:15:51.564837,825,339
17:15:51.564837,831,295
17:15:51.617207,835,275
17:15:51.617207,833,307
17:15:51.617207,831,317
17:15:51.669782,831,320
17:15:51.724256,831,331
17:15:51.724256,824,463
17:15:51.776614,818,641
17:15:51.776614,818,671
17:15:51.776614,816,657
17:15:51.829019,816,680
17:15:51.829019,816,666
17:15:51.829019,817,664
17:15:51.881281,818,714
17:15:51.881281,817,744
17:15:51.881281,814,758
17:15:51.933573,813,1203
17:15:51.985570,813,1558
17:15:51.985570,813,1488
17:15:52.037735,812,1289
17:15:52.037735,813,1139
17:15:52.037735,813,1037
17:15:52.037735,814,979
17:15:52.090127,815,733
17:15:52.090127,815,762
17:15:52.090127,816,774
17:15:52.142476,817,685
17:15:52.142476,817,606
17:15:52.142476,818,517
17:15:52.195005,820,480
17:15:52.252029,826,387
17:15:52.252029,830,176
17:15:52.304268,65535,83
17:15:52.304268,65535,90
17:15:52.363327,65535,89
17:15:52.363327,65535,88
17:15:52.422775,65535,91
17:15:52.422775,65535,74
17:15:52.475038,65535,66
17:15:52.475038,65535,75
17:15:52.527163,65535,73
17:15:52.527163,65535,87
17:15:52.527163,65535,102
17:15:52.579686,65535,85
17:15:52.631769,65535,96
17:15:52.631769,65535,102
17:15:52.631769,65535,76
17:15:52.684584,65535,65
17:15:52.684584,65535,78
17:15:52.736895,65535,86
17:15:52.736895,65535,103
17:15:52.736895,923,141
17:15:52.789086,882,258
17:15:52.789086,865,262
17:15:52.789086,857,248
17:15:52.841627,65535,94
17:15:52.893484,65535,74
17:15:52.893484,65535,80
17:15:52.945638,65535,78
17:15:52.945638,65535,83
17:15:52.945638,65535,79
17:15:52.997897,65535,109
17:15:53.049777,894,293
17:15:53.049777,826,616
17:15:53.102058,814,925
17:15:53.102058,814,940
17:15:53.154284,814,960
17:15:53.154284,814,901
17:15:53.154284,817,731
17:15:53.259768,65535,96
17:15:53.259768,65535,90
17:15:53.312326,65535,93
17:15:53.312326,65535,105
17:15:53.364506,870,350
17:15:53.416687,815,1011
17:15:53.416687,814,954
17:15:53.416687,815,809
17:15:53.469353,829,222
17:15:53.521307,837,267
17:15:53.573564,818,591
17:15:53.573564,818,638
17:15:53.573564,819,689
17:15:53.625975,818,735
17:15:53.625975,817,734
17:15:53.625975,818,687
17:15:53.680034,819,559
17:15:53.680034,816,733
17:15:53.732145,816,744
17:15:53.784233,814,747
17:15:53.835987,819,436
17:15:53.835987,821,465
17:15:53.835987,830,261
17:15:53.940070,65535,97
17:15:53.940070,65535,93
17:15:53.992135,65535,87
17:15:53.992135,65535,85
17:15:53.992135,65535,81
17:15:54.044613,65535,83
17:15:54.044613,65535,92
17:15:54.044613,65535,90
17:15:54.044613,65535,86
17:15:54.097328,65535,97
17:15:54.097328,65535,97
17:15:54.097328,65535,94
17:15:54.149762,65535,92
17:15:54.149762,65535,92
17:15:54.149762,65535,95
17:15:54.202175,65535,88
17:15:54.202175,65535,87
17:15:54.202175,65535,85
17:15:54.254510,65535,72
17:15:54.306557,65535,87
17:15:54.358685,65535,106
17:15:54.358685,949,122
17:15:54.358685,945,116
17:15:54.411042,65535,99
17:15:54.411042,65535,85
17:15:54.463121,65535,89
17:15:54.463121,65535,93
17:15:54.463121,65535,94
17:15:54.515264,65535,103
17:15:54.515264,921,104
17:15:54.515264,921,110
17:15:54.567339,919,130
17:15:54.567339,916,145
17:15:54.567339,914,141
17:15:54.619619,910,108
17:15:54.619619,909,103
17:15:54.671837,65535,94
17:15:54.671837,65535,88
17:15:54.724293,65535,82
17:15:54.724293,65535,93
17:15:54.776302,918,142
17:15:54.828367,912,100
17:15:54.828367,65535,83
17:15:54.880652,65535,80
17:15:54.880652,65535,79
17:15:54.880652,65535,77
17:15:54.933085,65535,80
17:15:54.933085,65535,83
17:15:54.985122,65535,94
17:15:55.037261,65535,87
17:15:55.037261,65535,88
17:15:55.089700,65535,76
17:15:55.089700,65535,89
17:15:55.142107,921,114
17:15:55.142107,919,111
17:15:55.142107,917,106
17:15:55.194444,65535,82
17:15:55.194444,65535,89
17:15:55.194444,65535,85
17:15:55.194444,65535,97
17:15:55.247235,65535,92
17:15:55.247235,65535,92
17:15:55.247235,65535,89
17:15:55.299492,65535,87
17:15:55.299492,65535,95
17:15:55.351711,65535,99
17:15:55.351711,65535,92
17:15:55.403877,65535,75
17:15:55.455784,903,178
17:15:55.507664,820,1536
17:15:55.507664,33588,1747
17:15:55.507664,820,1791
17:15:55.559734,820,1870
17:15:55.611658,822,1697
17:15:55.611658,822,1503
17:15:55.664090,825,873
17:15:55.664090,825,756
17:15:55.664090,828,673
17:15:55.768588,840,338
17:15:55.768588,837,489
17:15:55.820823,833,702
17:15:55.820823,834,750
17:15:55.872982,33605,690
17:15:55.872982,33601,1637
17:15:55.872982,838,505
17:15:55.872982,841,411
17:15:55.925541,846,367
17:15:55.925541,848,302
17:15:55.977904,855,156
17:15:55.977904,857,222
17:15:55.977904,856,309
17:15:56.030523,848,539
17:15:56.082331,65535,74
17:15:56.082331,65535,67
17:15:56.134473,65535,75
17:15:56.134473,65535,85
17:15:56.186668,931,106
17:15:56.291038,939,144
17:15:56.342914,935,140
17:15:56.342914,934,147
17:15:56.395013,65535,94
17:15:56.395013,65535,97
17:15:56.395013,65535,90
17:15:56.447240,65535,86
17:15:56.502184,65535,78
17:15:56.502184,65535,83
17:15:56.502184,65535,84
17:15:56.554532,65535,81
17:15:56.554532,65535,93
17:15:56.606911,65535,90
17:15:56.606911,65535,91
17:15:56.658892,65535,90
17:15:56.762793,65535,75
17:15:56.762793,65535,77
17:15:56.815053,65535,88
17:15:56.815053,65535,90
17:15:56.815053,65535,80
17:15:56.867381,65535,100
17:15:56.867381,959,105
17:15:56.919548,956,127
17:15:56.919548,955,143
17:15:56.919548,955,140
17:15:56.971781,957,133
17:15:57.023733,958,124
17:15:57.023733,957,131
17:15:57.127807,65535,98
17:15:57.127807,65535,97
17:15:57.127807,65535,94
17:15:57.180401,972,102
17:15:57.180401,65535,99
17:15:57.234149,65535,87
17:15:57.234149,65535,86
17:15:57.286186,65535,95
17:15:57.286186,976,104
17:15:57.441898,996,107
17:15:57.545580,65535,99
17:15:57.545580,65535,101
17:15:57.545580,974,106
17:15:57.545580,65535,97
17:15:57.598089,65535,77
17:15:57.598089,65535,71
17:15:57.650431,65535,79
17:15:57.650431,65535,83
17:15:57.650431,65535,84
17:15:57.650431,65535,103
17:15:57.702709,1026,110
17:15:57.702709,1024,102
17:15:57.702709,1024,105
17:15:57.755012,1024,109
17:15:57.807035,1021,125
17:15:57.807035,1017,127
17:15:57.859118,1016,119
17:15:57.910962,65535,93
17:15:57.910962,1018,100
17:15:57.910962,1018,100
17:15:57.963984,65535,96
17:15:58.015885,65535,99
17:15:58.067939,65535,99
17:15:58.119881,1026,108
17:15:58.119881,65535,94
17:15:58.119881,65535,75
17:15:58.119881,65535,69
17:15:58.172636,65535,75
17:15:58.224917,65535,82
17:15:58.224917,65535,99
17:15:58.224917,65535,102
17:15:58.331532,65535,100
17:15:58.331532,1020,111
17:15:58.331532,1021,119
17:15:58.387658,1023,131
17:15:58.387658,1023,132
17:15:58.387658,1025,127
17:15:58.439774,1028,128
17:15:58.439774,1030,131
17:15:58.439774,1031,129
17:15:58.439774,1031,133
17:15:58.492223,1033,139
17:15:58.544471,1039,119
17:15:58.596590,1041,142
17:15:58.648468,1023,161
17:15:58.648468,1017,160
17:15:58.700580,1005,171
17:15:58.700580,1003,175
17:15:58.700580,1000,171
17:15:58.753107,996,172
17:15:58.753107,994,164
17:15:58.753107,992,167
17:15:58.753107,990,167
17:15:58.805570,988,159
17:15:58.805570,987,157
17:15:58.805570,989,158
17:15:58.857929,1004,140
17:15:58.909875,1011,119
17:15:58.909875,1014,126
17:15:58.909875,1016,132
17:15:58.962042,1026,118
17:15:58.962042,1029,124
17:15:59.014229,1032,117
17:15:59.014229,1034,141
17:15:59.066273,1038,132
17:15:59.066273,1043,131
17:15:59.118542,1046,142
17:15:59.118542,1047,138
17:15:59.118542,1048,119
17:15:59.170812,1049,118
17:15:59.223001,1050,122
17:15:59.223001,1052,132
17:15:59.223001,1052,138
17:15:59.275263,1052,136
17:15:59.275263,1052,135
17:15:59.275263,1052,140
17:15:59.275263,1052,128
17:15:59.327547,1055,106
17:15:59.327547,1055,106
17:15:59.379572,1055,112
17:15:59.379572,1056,120
17:15:59.431772,1057,140
17:15:59.484041,1056,135
17:15:59.484041,1056,125
17:15:59.536037,1063,116
17:15:59.536037,1065,120
17:15:59.588239,1068,128
17:15:59.588239,1068,119
17:15:59.588239,1070,128
17:15:59.640544,1072,119
17:15:59.640544,1073,122
17:15:59.640544,1074,121
17:15:59.693005,1076,124
17:15:59.693005,1077,118
17:15:59.693005,1077,118
17:15:59.745302,1076,135
17:15:59.745302,1075,132
17:15:59.797224,1072,133
17:15:59.797224,1071,136
17:15:59.849095,1068,131
17:15:59.849095,1066,121
17:15:59.901191,1065,115
17:15:59.901191,1065,126
17:15:59.901191,1064,130
17:15:59.901191,1064,134
17:15:59.953433,1061,131
17:15:59.953433,1061,127
17:16:00.005429,1063,114
17:16:00.005429,1063,113
17:16:00.005429,1064,115
17:16:00.057575,1063,118
17:16:00.109552,1063,116
17:16:00.109552,1063,118
17:16:00.213742,1189,32878
17:16:00.213742,1060,111
17:16:00.265749,1063,110
17:16:00.265749,65535,98
17:16:00.265749,65535,98
17:16:00.317927,65535,104
17:16:00.317927,65535,93
17:16:00.370225,65535,97
17:16:00.370225,65535,94
17:16:00.370225,65535,93
17:16:00.422660,65535,91
17:16:00.474704,65535,91
17:16:00.474704,65535,95
17:16:00.526795,65535,95
17:16:00.578698,1038,101
17:16:00.578698,1040,108
17:16:00.630619,1066,101
17:16:00.630619,1066,104
17:16:00.630619,1066,101
17:16:00.683093,1067,105
17:16:00.683093,1067,107
17:16:00.683093,65535,99
17:16:00.683093,65535,108
17:16:00.735568,65535,103
17:16:00.735568,65535,100
17:16:00.787696,65535,85
17:16:00.787696,65535,78
17:16:00.787696,65535,80
17:16:00.840182,65535,99
17:16:00.840182,1055,105
17:16:00.892451,65535,93
17:16:00.944331,65535,94
17:16:00.944331,65535,89
17:16:00.996689,65535,96
17:16:00.996689,65535,97
17:16:00.996689,65535,108
17:16:01.049032,1066,114
17:16:01.101040,1067,131
17:16:01.101040,1067,120
17:16:01.101040,1068,123
17:16:01.153549,1069,130
17:16:01.153549,1070,126
17:16:01.153549,1071,131
17:16:01.205719,1072,135
17:16:01.257712,1073,136
17:16:01.257712,1073,132
17:16:01.257712,1074,126
17:16:01.257712,1074,128
17:16:01.310023,1075,128
17:16:01.310023,1075,128
17:16:01.310023,1076,128
17:16:01.362380,1077,122
17:16:01.414405,1078,124
17:16:01.466257,1079,121
17:16:01.518165,1084,110
17:16:01.570151,1085,117
17:16:01.570151,1086,101
17:16:01.570151,65535,87
17:16:01.570151,65535,80
17:16:01.622505,65535,86
17:16:01.622505,65535,67
17:16:01.674768,65535,38
17:16:01.674768,65535,34
17:16:01.674768,65535,39
17:16:01.727349,65535,35
17:16:01.779187,65535,63
17:16:01.779187,65535,64
17:16:01.779187,65535,62
17:16:01.883175,65535,62
17:16:01.883175,65535,63
17:16:01.986922,65535,64
17:16:01.986922,65535,61
17:16:02.039273,65535,42
17:16:02.039273,65535,49
17:16:02.039273,65535,46
17:16:02.039273,65535,45
17:16:02.091857,65535,43
17:16:02.091857,65535,47
17:16:02.147453,65535,42
17:16:02.199351,65535,55
17:16:02.199351,65535,63
17:16:02.199351,65535,51
17:16:02.251674,65535,53
17:16:02.251674,65535,56
17:16:02.303877,65535,66
17:16:02.407916,1003,280
17:16:02.407916,996,401
17:16:02.459865,997,396
17:16:02.459865,995,387
17:16:02.511926,996,409
17:16:02.511926,995,419
17:16:02.511926,995,440
17:16:02.511926,995,468
17:16:02.564442,996,500
17:16:02.564442,995,500
17:16:02.668627,994,715
17:16:02.668627,993,709
17:16:02.668627,995,688
17:16:02.721257,994,743
17:16:02.721257,993,779
17:16:02.773360,993,748
17:16:02.773360,994,719
17:16:02.773360,994,709
17:16:02.825784,994,684
17:16:02.825784,993,683
17:16:02.825784,993,703
17:16:02.878095,993,715
17:16:02.878095,995,700
17:16:02.878095,995,641
17:16:02.878095,996,540
17:16:02.930466,996,401
17:16:02.930466,997,426
17:16:02.930466,999,331
17:16:02.982869,1001,244
17:16:03.034995,1001,195
17:16:03.034995,65535,61
17:16:03.087085,65535,56
17:16:03.087085,65535,49
17:16:03.139387,65535,48
17:16:03.139387,65535,43
17:16:03.139387,65535,47
17:16:03.191855,65535,42
17:16:03.191855,65535,49
17:16:03.191855,65535,38
17:16:03.244110,65535,48
17:16:03.244110,65535,51
17:16:03.244110,65535,56
17:16:03.296478,65535,39
17:16:03.296478,65535,39
17:16:03.348632,65535,46
17:16:03.348632,65535,44
17:16:03.401643,65535,45
17:16:03.401643,65535,41
17:16:03.401643,65535,42
17:16:03.489521,65535,38
17:16:03.489521,65535,47
17:16:03.489521,65535,50
17:16:03.489521,65535,42
17:16:03.489521,65535,46
17:16:03.489521,65535,54
17:16:03.489521,65535,48
17:16:03.545317,65535,52
17:16:03.597454,65535,51
17:16:03.597454,65535,51
17:16:03.597454,65535,42
17:16:03.650070,65535,50
17:16:03.650070,65535,48
17:16:03.650070,65535,63
17:16:03.650070,65535,55
17:16:03.702703,65535,67
17:16:03.702703,65535,69
17:16:03.702703,65535,68
17:16:03.755161,65535,54
17:16:03.807038,65535,48
17:16:03.807038,65535,38
17:16:03.807038,65535,45
17:16:03.807038,65535,42
17:16:03.859406,65535,45
17:16:03.859406,65535,45
17:16:03.859406,65535,46
17:16:03.859406,65535,45
17:16:03.912011,65535,38
17:16:03.965769,65535,60
17:16:03.965769,65535,61
17:16:04.017914,65535,54
17:16:04.017914,65535,50
17:16:04.070083,1008,330
17:16:04.122143,1006,243
17:16:04.174245,1007,117
17:16:04.174245,65535,48
17:16:04.226441,65535,37
17:16:04.226441,65535,43
17:16:04.226441,65535,39
17:16:04.278661,65535,38
17:16:04.278661,65535,45
17:16:04.331587,65535,76
17:16:04.331587,65535,173
17:16:04.331587,1017,275
17:16:04.331587,1015,366
17:16:04.384951,1013,468
17:16:04.436881,1017,476
17:16:04.436881,1018,478
17:16:04.436881,1019,485
17:16:04.436881,1021,417
17:16:04.489104,65535,53
17:16:04.489104,65535,47
17:16:04.489104,65535,38
17:16:04.541089,65535,44
17:16:04.541089,65535,56
17:16:04.541089,65535,51
17:16:04.593451,65535,57
17:16:04.645306,65535,53
17:16:04.645306,65535,46
17:16:04.645306,65535,43
17:16:04.697391,65535,47
17:16:04.697391,65535,47
17:16:04.697391,65535,63
17:16:04.749413,65535,99
17:16:04.801159,1112,127
17:16:04.853294,1113,124
17:16:04.853294,1114,131
17:16:04.905589,1111,136
17:16:04.905589,1109,127
17:16:04.957537,1105,136
17:16:04.957537,1102,32900
17:16:05.009568,1098,131
17:16:05.009568,1097,127
17:16:05.113518,1103,125
17:16:05.113518,1104,123
17:16:05.113518,1106,120
17:16:05.113518,1107,116
17:16:05.165991,1111,114
17:16:05.165991,1112,116
17:16:05.165991,1114,120
17:16:05.218378,1117,126
17:16:05.218378,1120,125
17:16:05.270550,1120,131
17:16:05.270550,1119,131
17:16:05.270550,1119,131
17:16:05.324632,1120,129
17:16:05.324632,1121,125
17:16:05.324632,1121,122
17:16:05.324632,1123,123
17:16:05.376859,1127,125
17:16:05.376859,1129,126
17:16:05.429058,1131,120
17:16:05.429058,1134,125
17:16:05.481014,1132,137
17:16:05.481014,1127,143
17:16:05.533159,1106,145
17:16:05.533159,1103,148
17:16:05.585403,1099,142
17:16:05.585403,1097,138
17:16:05.585403,1096,139
17:16:05.637903,1083,156
17:16:05.637903,1076,161
17:16:05.690083,1053,161
17:16:05.690083,1047,166
17:16:05.690083,1042,166
17:16:05.690083,1039,161
17:16:05.742352,1036,158
17:16:05.794518,1023,166
17:16:05.794518,1022,160
17:16:05.794518,1021,160
17:16:05.846755,1024,148
17:16:05.846755,1026,146
17:16:05.846755,1029,148
17:16:05.899877,1034,135
17:16:05.899877,1037,134
17:16:05.899877,1041,133
17:16:05.899877,1048,128
17:16:05.952320,1057,122
17:16:05.952320,1067,116
17:16:05.952320,1072,115
17:16:06.004766,65535,99
17:16:06.004766,65535,107
17:16:06.056790,1189,113
17:16:06.056790,1188,110
17:16:06.108970,1182,119
17:16:06.160935,1163,151
17:16:06.212805,1107,168
17:16:06.212805,1092,158
17:16:06.265035,1088,142
17:16:06.265035,1088,141
17:16:06.317161,1086,144
17:16:06.317161,1084,151
17:16:06.317161,1080,150
17:16:06.317161,1079,150
17:16:06.369619,1077,135
17:16:06.369619,1077,136
17:16:06.369619,1079,135
17:16:06.421958,1082,125
17:16:06.421958,1084,133
17:16:06.421958,1086,126
17:16:06.474352,1090,135
17:16:06.474352,1091,135
17:16:06.474352,1091,132
17:16:06.578414,1088,131
17:16:06.578414,1089,141
17:16:06.630667,1090,136
17:16:06.630667,1092,128
17:16:06.630667,1095,122
17:16:06.682740,1109,103
17:16:06.682740,65535,97
17:16:06.734899,65535,92
17:16:06.734899,65535,92
17:16:06.734899,65535,105
17:16:06.734899,65535,97
17:16:06.787274,1214,104
17:16:06.787274,1214,116
17:16:06.839633,1213,111
17:16:06.839633,1213,108
17:16:06.839633,1213,112
17:16:06.891848,1210,120
17:16:06.943871,1187,141
17:16:06.943871,1181,144
17:16:06.995939,1156,152
17:16:06.995939,1150,150
17:16:07.047986,1108,167
17:16:07.047986,1099,164
17:16:07.100154,1084,165
17:16:07.100154,1077,164
17:16:07.100154,1071,167
17:16:07.100154,1067,158
17:16:07.152607,1051,171
17:16:07.152607,1047,168
17:16:07.205001,1036,170
17:16:07.205001,1033,173
17:16:07.257177,1027,168
17:16:07.257177,1030,165
17:16:07.257177,1031,154
17:16:07.309492,1033,156
17:16:07.309492,1033,161
17:16:07.309492,1032,170
17:16:07.361669,1026,178
17:16:07.413580,999,191
17:16:07.465492,961,210
17:16:07.517356,956,204
17:16:07.517356,962,199
17:16:07.517356,965,177
17:16:07.621291,983,191
17:16:07.621291,978,195
17:16:07.621291,975,197
17:16:07.725378,939,212
17:16:07.725378,944,199
17:16:07.777707,962,172
17:16:07.777707,977,182
17:16:07.829859,986,176
17:16:07.829859,988,181
17:16:07.829859,985,186
17:16:07.829859,982,204
17:16:07.829859,977,194
17:16:07.934332,963,191
17:16:07.986466,957,206
17:16:07.986466,954,202
17:16:08.038519,946,205
17:16:08.038519,943,206
17:16:08.038519,942,209
17:16:08.090771,942,216
17:16:08.142723,942,209
17:16:08.142723,939,207
17:16:08.195127,931,222
17:16:08.247250,935,207
17:16:08.299134,940,203
17:16:08.299134,941,200
17:16:08.299134,945,201
17:16:08.351224,951,207
17:16:08.351224,953,204
17:16:08.351224,953,205
17:16:08.403630,953,202
17:16:08.403630,951,202
17:16:08.455716,947,207
17:16:08.455716,943,207
17:16:08.455716,941,202
17:16:08.455716,938,207
17:16:08.507994,939,210
17:16:08.507994,936,203
17:16:08.507994,936,205
17:16:08.507994,936,205
17:16:08.611859,958,185
17:16:08.611859,968,176
17:16:08.611859,975,174
17:16:08.664143,986,173
17:16:08.664143,991,174
17:16:08.664143,996,169
17:16:08.664143,999,168
17:16:08.716497,1007,171
17:16:08.716497,1010,163
17:16:08.770243,1018,162
17:16:08.770243,1020,157
17:16:08.770243,1022,145
17:16:08.770243,1025,153
17:16:08.822655,1034,142
17:16:08.822655,1037,126
17:16:08.822655,1042,127
17:16:08.875316,1073,109
17:16:08.978971,1201,102
17:16:08.978971,1205,106
17:16:09.031087,1207,115
17:16:09.186857,1204,107
17:16:09.238821,65535,96
17:16:09.238821,65535,99
17:16:09.291116,65535,103
17:16:09.343299,65535,101
17:16:09.395347,65535,86
17:16:09.395347,65535,87
17:16:09.447392,65535,80
17:16:09.447392,65535,92
17:16:09.499403,65535,83
17:16:09.499403,65535,79
17:16:09.499403,65535,78
17:16:09.551504,65535,77
17:16:09.551504,65535,76
17:16:09.551504,65535,72
17:16:09.603827,65535,70
17:16:09.603827,65535,74
17:16:09.656250,65535,76
17:16:09.656250,65535,74
17:16:09.656250,65535,72
17:16:09.656250,65535,84
17:16:09.708942,65535,32836
17:16:09.708942,65535,67
17:16:09.761346,65535,59
17:16:09.761346,65535,53
17:16:09.761346,65535,45
17:16:09.761346,65535,44
17:16:09.813852,65535,43
17:16:09.813852,65535,38
17:16:09.813852,65535,34
17:16:09.813852,65535,31
17:16:09.866167,65535,27
17:16:09.866167,65535,28
17:16:09.866167,65535,28
17:16:09.918378,65535,25
17:16:09.970244,65535,23
17:16:09.970244,65535,24
17:16:09.970244,65535,25
17:16:09.970244,65535,20
17:16:10.022493,65535,30
17:16:10.022493,65535,24
17:16:10.022493,65535,22
17:16:10.074792,65535,31
17:16:10.126780,65535,33
17:16:10.126780,65535,30
17:16:10.126780,65535,26
17:16:10.182251,65535,30
17:16:10.182251,65535,30
17:16:10.182251,65535,42
17:16:10.182251,65535,33
17:16:10.234914,65535,47
17:16:10.234914,65535,43
17:16:10.286975,65535,52
17:16:10.286975,65535,59
17:16:10.339097,65535,79
17:16:10.339097,65535,82
17:16:10.391344,65535,88
17:16:10.391344,65535,78
17:16:10.391344,65535,76
17:16:10.443629,65535,82
17:16:10.547106,1256,108
17:16:10.599164,1257,112
17:16:10.599164,1256,119
17:16:10.599164,1256,118
17:16:10.651812,1254,111
17:16:10.704010,1287,109
17:16:10.755913,1285,104
17:16:10.755913,1284,107
17:16:10.755913,1284,110
17:16:10.808235,65535,97
17:16:10.808235,65535,100
17:16:10.808235,1269,106
17:16:10.860310,1269,107
17:16:10.912253,1260,112
17:16:10.912253,1255,115
17:16:10.964460,1251,118
17:16:10.964460,1248,113
17:16:10.964460,1245,118
17:16:11.016476,1238,118
17:16:11.016476,1232,113
17:16:11.016476,1230,113
17:16:11.068689,1227,115
17:16:11.068689,1226,117
17:16:11.068689,1224,117
17:16:11.120952,1221,113
17:16:11.120952,1218,114
17:16:11.173157,1218,111
17:16:11.173157,1219,106
17:16:11.173157,1219,109
17:16:11.225494,1223,112
17:16:11.329175,1219,107
17:16:11.329175,1220,116
17:16:11.381112,1221,111
17:16:11.381112,1221,109
17:16:11.432957,1223,110
17:16:11.432957,1224,114
17:16:11.432957,1224,116
17:16:11.485569,1227,110
17:16:11.485569,1228,104
17:16:11.485569,1229,101
17:16:11.589367,1230,101
17:16:11.589367,1231,102
17:16:11.693658,65535,100
17:16:11.745687,1241,100
17:16:11.797562,1238,108
17:16:11.797562,1238,102
17:16:11.849844,1236,103
17:16:11.849844,1237,105
17:16:11.902058,1236,102
17:16:11.902058,1236,101
17:16:11.902058,1235,105
17:16:11.902058,1234,110
17:16:11.954398,1227,116
17:16:11.954398,1225,119
17:16:11.954398,1223,116
17:16:12.006689,1221,116
17:16:12.058877,65535,98
17:16:12.058877,1238,103
17:16:12.110904,1239,104
17:16:12.110904,65535,97
17:16:12.110904,65535,104
17:16:12.110904,65535,99
17:16:12.163317,65535,98
17:16:12.163317,65535,102
17:16:12.163317,65535,99
17:16:12.163317,65535,99
17:16:12.267275,65535,100
17:16:12.267275,65535,99
17:16:12.267275,65535,110
17:16:12.267275,1218,101
17:16:12.267275,1217,107
17:16:12.320277,1216,103
17:16:12.320277,65535,97
17:16:12.372610,65535,100
17:16:12.372610,65535,96
17:16:12.372610,65535,87
17:16:12.424897,65535,81
17:16:12.424897,65535,87
17:16:12.424897,65535,84
17:16:12.476961,65535,86
17:16:12.528777,65535,94
17:16:12.528777,65535,91
17:16:12.528777,65535,95
17:16:12.580985,65535,93
17:16:12.580985,65535,87
17:16:12.580985,65535,86
17:16:12.633366,65535,98
17:16:12.633366,65535,96
17:16:12.633366,65535,114
17:16:12.685886,1214,125
17:16:12.685886,1214,134
17:16:12.685886,1214,127
17:16:12.738313,1210,134
17:16:12.738313,1207,133
17:16:12.790409,1176,145
17:16:12.842365,1162,144
17:16:12.842365,1155,152
17:16:12.894828,1139,150
17:16:12.946702,1135,137
17:16:12.946702,1134,131
17:16:12.998890,1138,119
17:16:13.050950,1147,119
17:16:13.050950,1149,111
17:16:13.103248,1152,115
17:16:13.103248,1154,121
17:16:13.103248,1155,114
17:16:13.103248,1158,113
17:16:13.207704,1186,114
17:16:13.311786,1212,112
17:16:13.311786,1214,113
17:16:13.364528,1216,111
17:16:13.364528,1224,113
17:16:13.416755,1229,116
17:16:13.416755,1230,114
17:16:13.468950,1226,122
17:16:13.468950,1215,122
17:16:13.520909,1205,115
17:16:13.520909,1199,121
17:16:13.573120,1195,119
17:16:13.573120,1193,119
17:16:13.625359,65535,96
17:16:13.625359,65535,96
17:16:13.625359,65535,98
17:16:13.677550,65535,88
17:16:13.677550,65535,98
17:16:13.677550,65535,90
17:16:13.729762,65535,71
17:16:13.729762,65535,63
17:16:13.729762,65535,62
17:16:13.729762,65535,65
17:16:13.782120,65535,62
17:16:13.782120,65535,60
17:16:13.782120,65535,64
17:16:13.782120,65535,71
17:16:13.835275,65535,77
17:16:13.887465,65535,84
17:16:13.887465,65535,78
17:16:13.887465,65535,78
17:16:13.887465,65535,77
17:16:13.939853,65535,76
17:16:13.939853,65535,74
17:16:13.992142,65535,104
17:16:13.992142,65535,99
17:16:14.044941,1219,122
17:16:14.044941,1215,120
17:16:14.044941,1212,128
17:16:14.097228,1196,139
17:16:14.150983,1177,142
17:16:14.150983,1173,144
17:16:14.150983,1168,152
17:16:14.205965,1154,152
17:16:14.258162,1136,149
17:16:14.258162,1134,142
17:16:14.258162,1132,147
17:16:14.310525,1127,132
17:16:14.310525,1131,115
17:16:14.363019,1140,123
17:16:14.363019,1144,116
17:16:14.363019,1148,116
17:16:14.415423,1156,119
17:16:14.467201,1171,128
17:16:14.519049,1165,121
17:16:14.570980,1164,117
17:16:14.622920,1161,135
17:16:14.622920,1155,152
17:16:14.622920,1150,151
17:16:14.675435,1121,172
17:16:14.675435,1064,185
17:16:14.727576,1037,187
17:16:14.727576,1025,177
17:16:14.727576,1024,166
17:16:14.779734,1031,165
17:16:14.779734,1035,163
17:16:14.883746,1026,185
17:16:14.883746,1023,182
17:16:14.935675,1025,161
17:16:14.935675,1028,168
17:16:14.935675,1027,160
17:16:14.987788,1036,157
17:16:14.987788,1040,161
17:16:15.039918,1042,165
17:16:15.091884,1042,161
17:16:15.091884,1041,169
17:16:15.144183,1040,174
17:16:15.144183,1040,162
17:16:15.196397,1044,162
17:16:15.300204,1058,158
17:16:15.300204,1057,170
17:16:15.352361,1053,171
17:16:15.352361,1050,173
17:16:15.405018,1051,160
17:16:15.405018,1053,162
17:16:15.457162,1057,161
17:16:15.457162,1059,161
17:16:15.457162,1061,163
17:16:15.509229,1061,162
17:16:15.509229,1063,155
17:16:15.561408,1064,159
17:16:15.613844,1197,32927
17:16:15.613844,1071,154
17:16:15.666113,1075,157
17:16:15.666113,1075,162
17:16:15.666113,1076,162
17:16:15.718160,1076,168
17:16:15.718160,1072,173
17:16:15.718160,1062,173
17:16:15.770422,1048,186
17:16:15.770422,1041,180
17:16:15.770422,1021,200
17:16:15.822590,1007,191
17:16:15.822590,1002,189
17:16:15.822590,998,197
17:16:15.822590,999,183
17:16:15.875153,1022,175
17:16:15.875153,1027,163
17:16:15.927339,1035,152
17:16:15.927339,1045,151
17:16:15.979442,1051,153
17:16:16.031513,1060,166
17:16:16.031513,1059,172
17:16:16.083507,1047,173
17:16:16.083507,1044,174
17:16:16.135619,1051,157
17:16:16.187570,1061,152
17:16:16.187570,1065,146
17:16:16.187570,1068,137
17:16:16.239799,1081,149
17:16:16.239799,1084,150
17:16:16.291841,1085,161
17:16:16.291841,1081,169
17:16:16.291841,1074,182
17:16:16.344103,1038,205
17:16:16.344103,1020,216
17:16:16.344103,987,214
17:16:16.448081,891,242
17:16:16.448081,888,233
17:16:16.499950,891,238
17:16:16.499950,896,235
17:16:16.499950,899,229
17:16:16.552157,909,227
17:16:16.552157,912,227
17:16:16.604380,913,234
17:16:16.604380,913,236
17:16:16.604380,910,239
17:16:16.708391,917,225
17:16:16.708391,923,229
17:16:16.760409,959,196
17:16:16.812528,995,184
17:16:16.864327,1018,189
17:16:16.864327,1012,208
17:16:16.864327,1006,193
17:16:16.916630,992,204
17:16:16.916630,994,202
17:16:16.968629,1018,165
17:16:17.020485,1048,151
17:16:17.020485,1052,153
17:16:17.072630,1060,155
17:16:17.124960,1074,153
17:16:17.124960,1077,154
17:16:17.280645,1041,182
17:16:17.280645,1034,184
17:16:17.280645,1021,179
17:16:17.332732,1011,181
17:16:17.332732,1009,180
17:16:17.385156,1003,169
17:16:17.385156,1002,169
17:16:17.385156,1002,169
17:16:17.437525,1002,176
17:16:17.437525,1002,174
17:16:17.437525,1002,170
17:16:17.489963,1003,175
17:16:17.489963,1003,176
17:16:17.489963,1004,178
17:16:17.542100,1003,172
17:16:17.542100,1002,173
17:16:17.542100,1002,180
17:16:17.594275,999,179
17:16:17.594275,994,183
17:16:17.646653,980,207
17:16:17.646653,970,195
17:16:17.646653,968,191
17:16:17.699052,961,195
17:16:17.699052,956,209
17:16:17.751033,945,213
17:16:17.751033,944,210
17:16:17.803097,945,212
17:16:17.803097,946,207
17:16:17.803097,948,198
17:16:17.803097,948,194
17:16:17.855798,953,204
17:16:17.855798,959,212
17:16:17.908170,967,190
17:16:17.908170,968,186
17:16:17.960274,972,195
17:16:17.960274,974,182
17:16:17.960274,973,185
17:16:18.012321,971,201
17:16:18.012321,970,199
17:16:18.012321,970,206
17:16:18.064610,966,192
17:16:18.116699,948,211
17:16:18.168834,946,199
17:16:18.220830,956,207
17:16:18.272837,967,196
17:16:18.324854,971,201
17:16:18.324854,968,202
17:16:18.324854,965,204
17:16:18.429206,942,210
17:16:18.429206,941,209
17:16:18.429206,940,213
17:16:18.481460,941,200
17:16:18.481460,944,200
17:16:18.481460,946,208
17:16:18.533693,944,201
17:16:18.533693,941,211
17:16:18.585898,941,220
17:16:18.585898,942,225
17:16:18.585898,940,229
17:16:18.638136,929,209
17:16:18.638136,926,221
17:16:18.690293,927,238
17:16:18.690293,931,234
17:16:18.690293,933,240
17:16:18.742494,936,230
17:16:18.742494,936,224
17:16:18.846791,925,225
17:16:18.846791,923,223
17:16:18.846791,923,225
17:16:18.898985,916,230
17:16:18.898985,911,237
17:16:18.898985,909,235
17:16:18.951314,904,241
17:16:19.003304,900,239
17:16:19.055273,907,234
17:16:19.055273,906,243
17:16:19.055273,903,241
17:16:19.055273,897,228
17:16:19.107931,875,239
17:16:19.107931,865,249
17:16:19.107931,856,255
17:16:19.160383,841,263
17:16:19.160383,837,258
17:16:19.160383,962,258
17:16:19.212786,840,254
17:16:19.212786,840,260
17:16:19.264987,845,251
17:16:19.264987,850,252
17:16:19.317007,854,244
17:16:19.317007,856,248
17:16:19.317007,858,242
17:16:19.317007,859,245
17:16:19.369599,874,249
17:16:19.369599,880,238
17:16:19.473535,850,259
17:16:19.473535,844,261
17:16:19.473535,837,265
17:16:19.525655,817,280
17:16:19.577667,803,283
17:16:19.577667,809,266
17:16:19.629710,819,269
17:16:19.629710,825,255
17:16:19.629710,829,260
17:16:19.629710,832,259
17:16:19.682093,845,249
17:16:19.682093,848,247
17:16:19.682093,849,243
17:16:19.734395,852,236
17:16:19.734395,850,247
17:16:19.786782,841,255
17:16:19.786782,840,255
17:16:19.838897,837,255
17:16:19.838897,838,256
17:16:19.838897,841,248
17:16:19.891424,866,244
17:16:19.891424,875,236
17:16:19.943575,902,223
17:16:19.943575,915,229
17:16:19.943575,928,222
17:16:20.047402,991,208
17:16:20.047402,990,206
17:16:20.099543,986,208
17:16:20.099543,982,207
17:16:20.099543,978,212
17:16:20.151934,955,221
17:16:20.151934,944,231
17:16:20.151934,931,240
17:16:20.151934,921,234
17:16:20.204508,904,232
17:16:20.204508,898,236
17:16:20.204508,895,233
17:16:20.256657,890,231
17:16:20.256657,890,238
17:16:20.256657,890,228
17:16:20.256657,890,237
17:16:20.310043,895,236
17:16:20.310043,897,235
17:16:20.310043,897,243
17:16:20.362444,895,237
17:16:20.362444,890,231
17:16:20.414509,877,236
17:16:20.466367,883,238
17:16:20.466367,897,230
17:16:20.518470,913,219
17:16:20.518470,945,217
17:16:20.570422,970,202
17:16:20.570422,976,203
17:16:20.622435,988,197
17:16:20.622435,986,207
17:16:20.622435,979,213
17:16:20.674778,964,229
17:16:20.674778,955,227
17:16:20.726815,942,227
17:16:20.726815,949,231
17:16:20.778781,955,207
17:16:20.778781,960,213
17:16:20.830834,971,202
17:16:20.830834,973,207
17:16:20.883143,972,214
17:16:20.935177,963,215
17:16:20.935177,965,200
17:16:20.935177,970,198
17:16:20.987449,980,201
17:16:20.987449,987,197
17:16:20.987449,993,185
17:16:20.987449,999,184
17:16:21.039678,1009,185
17:16:21.039678,1019,179
17:16:21.143764,1024,192
17:16:21.195644,988,208
17:16:21.195644,982,214
17:16:21.251130,970,218
17:16:21.251130,959,231
17:16:21.251130,955,226
17:16:21.303471,947,223
17:16:21.303471,942,233
17:16:21.303471,940,234
17:16:21.303471,941,236
17:16:21.356100,942,226
17:16:21.408251,942,229
17:16:21.408251,942,237
17:16:21.408251,941,234
17:16:21.460692,933,225
17:16:21.512438,940,230
17:16:21.512438,943,216
17:16:21.564351,956,204
17:16:21.564351,972,209
17:16:21.564351,970,222
17:16:21.616892,954,233
17:16:21.616892,945,231
17:16:21.616892,938,223
17:16:21.668983,928,241
17:16:21.668983,923,229
17:16:21.720970,931,225
17:16:21.720970,935,209
17:16:21.720970,942,208
17:16:21.720970,947,201
17:16:21.773300,957,207
17:16:21.773300,961,204
17:16:21.825450,941,233
17:16:21.877860,893,247
17:16:21.877860,882,250
17:16:21.877860,872,246
17:16:22.033626,859,248
17:16:22.033626,876,257
17:16:22.033626,882,248
17:16:22.086036,887,240
17:16:22.086036,889,247
17:16:22.086036,890,240
17:16:22.138620,889,248
17:16:22.138620,888,244
17:16:22.138620,884,249
17:16:22.191270,888,248
17:16:22.191270,889,240
17:16:22.191270,895,245
17:16:22.243484,913,237
17:16:22.243484,922,223
17:16:22.243484,950,192
17:16:22.295684,978,166
17:16:22.295684,984,151
17:16:22.295684,1001,132
17:16:22.348201,1031,108
17:16:22.348201,1040,112
17:16:22.348201,1048,109
17:16:22.400243,1062,124
17:16:22.400243,1068,117
17:16:22.400243,1074,119
17:16:22.452383,65535,104
17:16:22.452383,65535,95
17:16:22.505855,65535,75
17:16:22.561198,65535,84
17:16:22.561198,65535,91
17:16:22.561198,65535,82
17:16:22.561198,65535,88
17:16:22.561198,65535,87
17:16:22.613980,65535,84
17:16:22.613980,65535,82
17:16:22.666007,65535,95
17:16:22.666007,65535,94
17:16:22.769824,65535,94
17:16:22.821787,65535,101
17:16:22.821787,1246,105
17:16:22.874063,1242,108
17:16:22.874063,1236,109
17:16:22.926229,1235,115
17:16:22.926229,65535,97
17:16:22.978368,65535,74
17:16:23.030341,65535,69
17:16:23.030341,65535,75
17:16:23.082454,65535,69
17:16:23.134450,65535,31
17:16:23.186566,65535,43
17:16:23.238605,65535,39
17:16:23.238605,65535,43
17:16:23.290929,1210,531
17:16:23.342812,1213,748
17:16:23.342812,1213,941
17:16:23.342812,1212,1053
17:16:23.395081,1210,1102
17:16:23.395081,1208,1090
17:16:23.395081,1208,1035
17:16:23.447540,1203,750
17:16:23.499463,1203,768
17:16:23.551585,1199,1020
17:16:23.551585,1199,1069
17:16:23.603905,1197,1169
17:16:23.603905,1195,1218
17:16:23.603905,1195,1177
17:16:23.656408,1192,1128
17:16:23.656408,1192,1123
17:16:23.708567,1190,1097
17:16:23.760326,1185,1338
17:16:23.812720,1182,1343
17:16:23.864641,1181,1308
17:16:23.916727,1176,1350
17:16:23.916727,1173,1330
17:16:23.968758,1170,1295
17:16:23.968758,1169,1209
17:16:24.020697,1167,1250
17:16:24.020697,1166,1299
17:16:24.072875,1164,1222
17:16:24.072875,1163,1283
17:16:24.125445,1161,1298
17:16:24.125445,1160,1223
17:16:24.177517,1157,1099
17:16:24.177517,1157,1283
17:16:24.177517,1156,1345
17:16:24.229705,1156,1258
17:16:24.229705,1155,1179
17:16:24.281951,1152,1085
17:16:24.281951,1152,1182
17:16:24.336585,1149,1153
17:16:24.388905,1145,914
17:16:24.441113,1142,1079
17:16:24.441113,1142,1086
17:16:24.441113,1141,1056
17:16:24.493583,1140,965
17:16:24.545640,1137,1087
17:16:24.545640,1136,1087
17:16:24.598007,1133,1104
17:16:24.598007,1133,1065
17:16:24.753932,1127,1168
17:16:24.753932,1126,1152
17:16:24.753932,1126,1127
17:16:24.753932,1126,1082
17:16:24.806266,1125,1122
17:16:24.911393,1122,1229
17:16:24.911393,1121,1185
17:16:24.911393,1122,1088
17:16:24.963778,1120,1080
17:16:25.015922,1118,1175
17:16:25.120077,1117,1078
17:16:25.120077,1117,1040
17:16:25.172377,1117,1361
17:16:25.224453,1115,1228
17:16:25.224453,1115,1243
17:16:25.276643,1116,1282
17:16:25.276643,1116,1603
17:16:25.328667,1115,1537
17:16:25.380857,1115,1284
17:16:25.380857,1114,1248
17:16:25.433095,1115,1515
17:16:25.433095,1115,1472
17:16:25.485201,1115,1503
17:16:25.485201,1115,1474
17:16:25.485201,1116,1498
17:16:25.485201,1115,1548
17:16:25.537721,1116,1342
17:16:25.589898,1114,1487
17:16:25.693951,1116,1336
17:16:25.693951,1116,1329
17:16:25.693951,1116,1282
