17:12:32.405258,86,8574
17:12:32.405258,87,10162
17:12:32.457830,87,11442
17:12:32.457830,87,12076
17:12:32.457830,88,12084
17:12:32.510259,88,11173
17:12:32.510259,88,10448
17:12:32.562833,88,8125
17:12:32.562833,89,7041
17:12:32.615209,88,6420
17:12:32.615209,89,6414
17:12:32.615209,89,6404
17:12:32.667982,89,9134
17:12:32.667982,89,10414
17:12:32.720665,90,12225
17:12:32.720665,90,13311
17:12:32.720665,90,13907
17:12:32.720665,90,14011
17:12:32.825310,90,19778
17:12:32.825310,91,10638
17:12:32.825310,91,10665
17:12:32.877717,92,11715
17:12:32.877717,92,11942
17:12:32.877717,92,11561
17:12:32.930007,92,10142
17:12:32.982077,92,8570
17:12:32.982077,92,8380
17:12:32.982077,92,8449
17:12:33.034547,92,10555
17:12:33.034547,92,11052
17:12:33.034547,93,13491
17:12:33.087147,93,16197
17:12:33.087147,93,16803
17:12:33.087147,93,17363
17:12:33.139540,93,18284
17:12:33.191748,93,14901
17:12:33.244185,93,4987
17:12:33.244185,93,5243
17:12:33.244185,92,5461
17:12:33.296754,93,6037
17:12:33.296754,93,6198
17:12:33.296754,93,6400
17:12:33.296754,93,6730
17:12:33.349281,94,7181
17:12:33.349281,94,7391
17:12:33.401475,94,7627
17:12:33.401475,94,7396
17:12:33.453906,94,7570
17:12:33.453906,94,7919
17:12:33.506059,95,7543
17:12:33.506059,95,7186
17:12:33.558478,95,3585
17:12:33.558478,224,36104
17:12:33.610904,96,3058
17:12:33.662714,96,4515
17:12:33.715034,97,6628
17:12:33.715034,97,7264
17:12:33.767392,97,8934
17:12:33.767392,97,9143
17:12:33.819682,97,9826
17:12:33.819682,97,9876
17:12:33.871733,98,9523
17:12:33.871733,99,8966
17:12:33.923738,100,8124
17:12:33.923738,100,7406
17:12:33.975890,101,5605
17:12:33.975890,101,5314
17:12:33.975890,102,5476
17:12:34.028457,103,6535
17:12:34.028457,104,6832
17:12:34.080899,104,7332
17:12:34.080899,105,7814
17:12:34.133115,106,8217
17:12:34.133115,107,8085
17:12:34.133115,107,7983
17:12:34.185369,109,7964
17:12:34.185369,109,7918
17:12:34.237691,111,7149
17:12:34.237691,113,6845
17:12:34.289964,114,6294
17:12:34.289964,114,5842
17:12:34.289964,115,5090
17:12:34.289964,115,4369
17:12:34.394399,120,2928
17:12:34.394399,121,3145
17:12:34.394399,122,3583
17:12:34.447078,124,4382
17:12:34.447078,125,4754
17:12:34.499067,128,4787
17:12:34.551031,131,4602
17:12:34.551031,132,4597
17:12:34.551031,132,4355
17:12:34.605237,134,4026
17:12:34.605237,135,3873
17:12:34.657572,138,3716
17:12:34.657572,138,3444
17:12:34.657572,141,3320
17:12:34.710509,142,2971
17:12:34.764792,145,3194
17:12:34.818072,149,2571
17:12:34.818072,150,2284
17:12:34.870378,152,1990
17:12:34.870378,153,2296
17:12:34.922648,156,2660
17:12:34.974777,159,2779
17:12:34.974777,160,2596
17:12:34.974777,162,2754
17:12:35.027321,164,2857
17:12:35.027321,164,2891
17:12:35.027321,165,2903
17:12:35.079797,166,2662
17:12:35.131792,171,1800
17:12:35.131792,32940,1815
17:12:35.184023,174,2192
17:12:35.184023,175,2249
17:12:35.184023,175,2320
17:12:35.236490,177,2509
17:12:35.236490,179,2577
17:12:35.236490,180,2277
17:12:35.288909,182,2389
17:12:35.288909,186,1386
17:12:35.341034,187,1759
17:12:35.341034,187,2137
17:12:35.341034,188,2316
17:12:35.393536,191,3261
17:12:35.393536,193,3794
17:12:35.393536,193,3901
17:12:35.446246,197,3775
17:12:35.549938,204,4143
17:12:35.549938,204,12192
17:12:35.601935,207,18322
17:12:35.601935,208,12048
17:12:35.601935,210,5700
17:12:35.654233,215,2318
17:12:35.654233,216,6118
17:12:35.654233,217,11663
17:12:35.706689,220,17800
17:12:35.758439,222,21004
17:12:35.758439,224,15167
17:12:35.810501,225,12609
17:12:35.810501,225,8581
17:12:35.810501,226,4378
17:12:35.862816,228,19991
17:12:35.914947,229,6769
17:12:35.914947,230,7856
17:12:35.914947,231,7814
17:12:35.967412,232,8104
17:12:35.967412,233,8143
17:12:36.019560,234,8429
17:12:36.019560,235,7589
17:12:36.019560,235,6849
17:12:36.019560,236,6349
17:12:36.072001,237,4625
17:12:36.072001,238,3572
17:12:36.072001,239,1904
17:12:36.124387,241,2337
17:12:36.124387,241,4374
17:12:36.124387,242,5989
17:12:36.124387,242,6489
17:12:36.176750,244,4049
17:12:36.176750,244,2953
17:12:36.176750,245,2144
17:12:36.176750,245,2211
17:12:36.229302,248,1439
17:12:36.229302,248,1957
17:12:36.281713,249,2959
17:12:36.281713,250,3936
17:12:36.281713,250,4954
17:12:36.281713,250,5739
17:12:36.334247,252,6272
17:12:36.334247,252,6187
17:12:36.334247,253,6321
17:12:36.386541,254,9756
17:12:36.438377,255,2591
17:12:36.438377,255,3078
17:12:36.438377,255,3423
17:12:36.438377,256,3609
17:12:36.490963,257,2822
17:12:36.490963,257,2956
17:12:36.490963,259,2796
17:12:36.543530,260,2710
17:12:36.543530,260,2982
17:12:36.543530,260,2998
17:12:36.543530,261,3074
17:12:36.595986,261,4983
17:12:36.595986,262,5940
17:12:36.595986,262,7463
17:12:36.595986,262,8660
17:12:36.648451,263,10446
17:12:36.648451,264,11562
17:12:36.648451,264,11646
17:12:36.700802,267,10602
17:12:36.700802,267,10505
17:12:36.753049,269,10659
17:12:36.753049,269,10446
17:12:36.805294,270,9366
17:12:36.857408,272,7194
17:12:36.909478,274,7208
17:12:36.961642,276,6011
17:12:36.961642,277,5937
17:12:36.961642,277,5825
17:12:36.961642,278,5771
17:12:37.014487,279,5676
17:12:37.014487,279,5449
17:12:37.067013,282,5556
17:12:37.118977,414,37238
17:12:37.170885,290,3542
17:12:37.170885,290,4058
17:12:37.223003,292,4189
17:12:37.223003,292,4000
17:12:37.275444,294,4447
17:12:37.275444,295,3988
17:12:37.327880,296,4202
17:12:37.327880,297,4245
17:12:37.379980,299,4245
17:12:37.379980,300,4102
17:12:37.379980,300,3881
17:12:37.432154,301,3342
17:12:37.432154,302,3234
17:12:37.432154,302,3239
17:12:37.484560,304,2936
17:12:37.536710,306,4677
17:12:37.588832,309,4465
17:12:37.588832,309,4363
17:12:37.641031,311,3779
17:12:37.641031,313,3702
17:12:37.693444,314,3643
17:12:37.693444,314,3646
17:12:37.693444,315,3631
17:12:37.745707,316,3806
17:12:37.745707,317,3902
17:12:37.745707,317,3811
17:12:37.797924,319,3789
17:12:37.797924,319,4040
17:12:37.797924,320,4202
17:12:37.850216,322,4638
17:12:37.850216,322,4652
17:12:37.902394,324,4538
17:12:37.902394,324,4628
17:12:37.902394,325,4683
17:12:37.954868,455,38333
17:12:38.007040,330,5967
17:12:38.007040,331,6024
17:12:38.059639,333,5731
17:12:38.059639,334,5736
17:12:38.059639,335,5791
17:12:38.112201,336,5870
17:12:38.112201,338,4882
17:12:38.164638,339,4276
17:12:38.164638,340,4093
17:12:38.216771,341,4304
17:12:38.216771,342,3873
17:12:38.271768,344,2625
17:12:38.377062,353,2049
17:12:38.377062,355,1989
17:12:38.429154,357,2148
17:12:38.429154,357,2337
17:12:38.429154,358,2298
17:12:38.481522,359,2510
17:12:38.481522,360,2630
17:12:38.534013,362,2758
17:12:38.534013,364,2326
17:12:38.586512,364,1997
17:12:38.586512,365,1465
17:12:38.586512,366,1738
17:12:38.690658,371,2956
17:12:38.690658,373,3501
17:12:38.742663,373,4029
17:12:38.742663,374,4010
17:12:38.742663,375,3978
17:12:38.795670,377,3836
17:12:38.795670,378,4102
17:12:38.847712,381,3334
17:12:38.847712,382,3441
17:12:38.847712,382,3303
17:12:38.904757,384,3124
17:12:38.904757,385,3290
17:12:38.956976,386,3370
17:12:38.956976,386,3585
17:12:38.956976,387,3504
17:12:38.956976,387,3652
17:12:39.009838,388,3687
17:12:39.009838,389,4041
17:12:39.009838,389,4069
17:12:39.062129,390,4441
17:12:39.062129,391,4542
17:12:39.062129,391,4550
17:12:39.114385,393,4707
17:12:39.114385,394,4531
17:12:39.114385,395,4517
17:12:39.166771,397,3393
17:12:39.221177,400,3342
17:12:39.221177,400,3544
17:12:39.221177,401,3627
17:12:39.275190,402,3575
17:12:39.275190,404,3513
17:12:39.275190,404,3126
17:12:39.327901,405,3455
17:12:39.327901,407,3475
17:12:39.380330,408,3457
17:12:39.380330,409,3034
17:12:39.432411,411,3171
17:12:39.432411,413,3096
17:12:39.536981,416,3034
17:12:39.589162,419,3171
17:12:39.641297,423,3245
17:12:39.641297,423,3236
17:12:39.693806,424,3377
17:12:39.746212,426,3163
17:12:39.746212,426,3246
17:12:39.746212,428,2500
17:12:39.798461,429,2520
17:12:39.798461,429,2545
17:12:39.850499,432,2966
17:12:39.902631,435,3181
17:12:39.954774,435,2724
17:12:39.954774,437,2721
17:12:40.007350,438,3080
17:12:40.007350,438,3097
17:12:40.007350,439,3147
17:12:40.060055,440,2925
17:12:40.112088,442,2837
17:12:40.112088,442,2797
17:12:40.112088,442,2956
17:12:40.112088,443,3063
17:12:40.164670,443,3313
17:12:40.164670,444,3332
17:12:40.164670,444,3379
17:12:40.216850,446,3482
17:12:40.216850,447,3405
17:12:40.269057,448,3549
17:12:40.269057,449,3496
17:12:40.321473,451,3818
17:12:40.321473,452,3531
17:12:40.373522,454,3350
17:12:40.373522,456,3390
17:12:40.425594,457,3505
17:12:40.425594,458,3449
17:12:40.425594,459,3339
17:12:40.478001,460,3352
17:12:40.478001,461,3138
17:12:40.530359,463,2623
17:12:40.530359,465,2573
17:12:40.582639,467,2345
17:12:40.738478,474,1385
17:12:40.738478,476,1416
17:12:40.790565,476,3163
17:12:40.790565,477,3268
17:12:40.790565,477,3497
17:12:40.790565,477,3632
17:12:40.843121,478,3508
17:12:40.843121,479,3392
17:12:40.843121,479,3449
17:12:40.843121,480,3648
17:12:40.895527,481,3148
17:12:40.895527,482,3547
17:12:40.947801,483,5254
17:12:40.947801,484,6007
17:12:40.947801,485,6296
17:12:41.000417,486,6574
17:12:41.052848,488,7567
17:12:41.052848,488,7328
17:12:41.052848,489,7099
17:12:41.052848,489,7042
17:12:41.105339,490,7031
17:12:41.105339,492,7617
17:12:41.157589,493,7330
17:12:41.157589,494,7436
17:12:41.209854,495,6128
17:12:41.209854,497,4334
17:12:41.262276,497,3534
17:12:41.262276,499,3245
17:12:41.262276,499,3122
17:12:41.314907,501,3528
17:12:41.314907,502,3536
17:12:41.367261,503,3550
17:12:41.367261,505,3412
17:12:41.419487,506,3405
17:12:41.471639,509,2951
17:12:41.524212,510,3482
17:12:41.524212,511,3966
17:12:41.524212,511,4244
17:12:41.576635,512,5108
17:12:41.576635,513,5268
17:12:41.576635,513,5508
17:12:41.628922,514,5690
17:12:41.628922,515,5594
17:12:41.628922,515,5496
17:12:41.681209,516,5691
17:12:41.733099,517,6380
17:12:41.733099,518,6582
17:12:41.733099,518,6584
17:12:41.733099,519,6446
17:12:41.733099,519,6887
17:12:41.786544,520,7024
17:12:41.838695,523,6937
17:12:41.838695,523,6731
17:12:41.890809,526,6200
17:12:41.943104,528,6197
17:12:41.995253,530,6306
17:12:42.046952,532,6298
17:12:42.098987,534,6461
17:12:42.098987,535,6004
17:12:42.098987,535,5582
17:12:42.151244,538,5628
17:12:42.203362,539,5078
17:12:42.255327,540,5210
17:12:42.255327,541,5314
17:12:42.255327,542,5270
17:12:42.307705,544,5841
17:12:42.359808,545,5449
17:12:42.359808,546,4156
17:12:42.359808,546,4114
17:12:42.412147,546,3198
17:12:42.412147,547,3224
17:12:42.412147,548,3238
17:12:42.464565,548,4293
17:12:42.464565,549,4848
17:12:42.517138,550,5673
17:12:42.517138,550,5656
17:12:42.517138,550,5674
17:12:42.570143,551,5763
17:12:42.570143,551,5749
17:12:42.570143,552,5840
17:12:42.622440,552,5779
17:12:42.622440,552,5901
17:12:42.674900,554,5540
17:12:42.726994,555,5826
17:12:42.780642,557,5958
17:12:42.780642,557,6050
17:12:42.832790,558,5969
17:12:42.832790,559,5435
17:12:42.832790,559,5878
17:12:42.885192,560,5399
17:12:42.885192,560,5479
17:12:42.885192,561,5377
17:12:42.937469,562,5112
17:12:42.989713,563,4953
17:12:42.989713,563,4498
17:12:42.989713,564,4250
17:12:43.042330,565,5022
17:12:43.094466,566,4888
17:12:43.094466,566,4829
17:12:43.146737,567,5543
17:12:43.146737,567,5533
17:12:43.146737,567,5550
17:12:43.199183,568,4987
17:12:43.199183,568,4851
17:12:43.303358,570,4259
17:12:43.303358,570,4004
17:12:43.303358,570,3889
17:12:43.355579,571,2743
17:12:43.355579,570,2420
17:12:43.407671,571,2510
17:12:43.459809,570,3610
17:12:43.512219,571,3749
17:12:43.512219,572,3026
17:12:43.564827,572,2988
17:12:43.564827,572,3333
17:12:43.564827,572,3784
17:12:43.617165,572,3117
17:12:43.617165,573,3219
17:12:43.617165,572,3436
17:12:43.669490,572,3748
17:12:43.669490,572,3687
17:12:43.669490,572,3639
17:12:43.721840,572,3290
17:12:43.721840,572,3406
17:12:43.721840,572,3531
17:12:43.721840,572,3547
17:12:43.774390,572,3593
17:12:43.774390,572,3477
17:12:43.774390,572,3398
17:12:43.826829,572,4035
17:12:43.878746,572,3556
17:12:43.878746,572,3506
17:12:43.982514,572,4407
17:12:43.982514,572,4208
17:12:44.034919,572,3289
17:12:44.034919,572,3270
17:12:44.034919,572,3277
17:12:44.087656,573,3355
17:12:44.087656,573,3187
17:12:44.139849,573,3005
17:12:44.139849,573,3463
17:12:44.139849,573,3787
17:12:44.192208,574,4051
17:12:44.244505,574,4128
17:12:44.244505,574,3971
17:12:44.296532,574,4045
17:12:44.296532,574,4030
17:12:44.296532,574,4011
17:12:44.296532,574,4019
17:12:44.349308,574,4122
17:12:44.349308,575,4026
17:12:44.401702,574,4123
17:12:44.401702,574,4155
17:12:44.401702,574,3990
17:12:44.454295,574,3680
17:12:44.454295,574,3451
17:12:44.506814,574,3146
17:12:44.506814,574,2948
17:12:44.559227,573,3087
17:12:44.611073,573,3400
17:12:44.611073,573,3436
17:12:44.663435,573,3942
17:12:44.663435,573,4120
17:12:44.715826,573,3754
17:12:44.715826,573,3617
17:12:44.768195,573,3665
17:12:44.768195,573,3701
17:12:44.768195,573,3761
17:12:44.768195,573,3804
17:12:44.768195,573,3781
17:12:44.820975,573,3665
17:12:44.820975,573,3675
17:12:44.873063,573,3584
17:12:44.873063,573,3587
17:12:44.925191,573,3562
17:12:44.977264,573,2846
17:12:44.977264,573,2881
17:12:44.977264,573,2979
17:12:45.029439,573,3202
17:12:45.029439,573,3261
17:12:45.081715,573,3032
17:12:45.081715,573,2964
17:12:45.134123,573,3602
17:12:45.134123,573,3605
17:12:45.134123,573,3586
17:12:45.186657,573,3671
17:12:45.238834,573,3964
17:12:45.238834,573,3973
17:12:45.290988,574,4193
17:12:45.343059,574,4262
17:12:45.343059,574,4318
17:12:45.395283,573,3957
17:12:45.395283,573,3909
17:12:45.447483,573,3888
17:12:45.447483,573,3894
17:12:45.447483,573,3887
17:12:45.447483,573,3875
17:12:45.500263,573,3826
17:12:45.500263,573,3800
17:12:45.500263,574,3854
17:12:45.552860,574,4100
17:12:45.552860,574,4155
17:12:45.552860,574,4200
17:12:45.552860,573,4234
17:12:45.605635,573,4146
17:12:45.605635,573,3963
17:12:45.657801,573,3971
17:12:45.657801,574,3942
17:12:45.657801,574,3908
17:12:45.657801,573,3851
17:12:45.710382,573,3725
17:12:45.710382,573,3936
17:12:45.710382,573,4318
17:12:45.762747,574,4433
17:12:45.814928,573,4336
17:12:45.814928,573,4292
17:12:45.814928,574,4526
17:12:45.867423,574,4409
17:12:45.867423,573,4414
17:12:45.867423,573,4495
17:12:45.919844,573,4518
17:12:45.919844,573,4249
17:12:45.972139,573,4486
17:12:46.024396,573,4446
17:12:46.024396,574,4296
17:12:46.076723,574,4356
17:12:46.076723,573,4351
17:12:46.076723,573,4358
17:12:46.129121,573,4145
17:12:46.129121,573,3984
17:12:46.129121,573,3886
17:12:46.181361,574,4319
17:12:46.181361,573,4344
17:12:46.233708,573,4366
17:12:46.233708,573,4340
17:12:46.285733,573,4243
17:12:46.285733,573,4217
17:12:46.285733,573,4215
17:12:46.285733,573,4208
17:12:46.337996,573,3998
17:12:46.337996,573,3837
17:12:46.337996,573,3693
17:12:46.337996,573,3627
17:12:46.390250,573,3739
17:12:46.442339,573,3602
17:12:46.494453,572,3583
17:12:46.494453,572,3617
17:12:46.494453,572,3651
17:12:46.547037,572,3740
17:12:46.600034,572,3744
17:12:46.600034,572,3740
17:12:46.654813,572,3692
17:12:46.654813,572,3615
17:12:46.654813,572,3600
17:12:46.654813,572,3639
17:12:46.708250,572,3939
17:12:46.708250,572,3879
17:12:46.760533,572,3585
17:12:46.760533,572,3697
17:12:46.760533,572,3774
17:12:46.812957,572,3808
17:12:46.812957,572,4024
17:12:46.812957,572,4106
17:12:46.865324,572,4033
17:12:46.865324,572,3879
17:12:46.865324,572,3675
17:12:46.865324,572,3558
17:12:46.917798,572,3663
17:12:46.917798,572,3699
17:12:46.970107,572,3554
17:12:47.022207,572,3625
17:12:47.074341,572,3483
17:12:47.074341,572,3478
17:12:47.074341,572,3505
17:12:47.074341,572,3602
17:12:47.126763,572,3788
17:12:47.126763,572,3853
17:12:47.181049,572,3990
17:12:47.181049,572,3917
17:12:47.181049,572,3884
17:12:47.181049,572,3873
17:12:47.233570,572,3676
17:12:47.233570,572,3772
17:12:47.285697,572,3844
17:12:47.285697,572,3842
17:12:47.285697,572,3811
17:12:47.337980,573,3480
17:12:47.337980,573,3575
17:12:47.390072,573,3677
17:12:47.390072,573,3666
17:12:47.390072,573,3671
17:12:47.494356,573,3705
17:12:47.494356,573,3686
17:12:47.546480,573,3667
17:12:47.546480,573,3610
17:12:47.546480,574,3617
17:12:47.598718,573,3690
17:12:47.598718,573,3752
17:12:47.650953,573,3684
17:12:47.650953,573,3693
17:12:47.650953,573,3726
17:12:47.703316,573,3712
17:12:47.703316,573,3592
17:12:47.755809,573,3793
17:12:47.755809,574,3784
17:12:47.808007,573,3778
17:12:47.808007,573,3689
17:12:47.860197,573,3702
17:12:47.860197,573,3802
17:12:47.860197,573,3824
17:12:47.912598,574,3895
17:12:47.912598,574,3912
17:12:47.964818,574,3793
17:12:47.964818,574,3805
17:12:48.016922,574,3779
17:12:48.016922,574,3719
17:12:48.016922,574,3706
17:12:48.121103,574,3730
17:12:48.121103,574,3731
17:12:48.173156,574,3722
17:12:48.225124,574,3731
17:12:48.225124,574,3759
17:12:48.277309,574,3930
17:12:48.277309,574,3970
17:12:48.277309,574,3952
17:12:48.277309,574,3879
17:12:48.329723,574,3615
17:12:48.329723,574,3615
17:12:48.329723,574,3645
17:12:48.382179,574,3831
17:12:48.382179,574,3837
17:12:48.382179,574,3848
17:12:48.434533,574,3846
17:12:48.434533,574,3735
17:12:48.434533,574,3735
17:12:48.486969,574,3759
17:12:48.486969,574,3738
17:12:48.539119,574,3716
17:12:48.539119,574,3724
17:12:48.539119,574,3747
17:12:48.643169,574,4476
17:12:48.643169,574,4624
17:12:48.643169,574,4674
17:12:48.695439,574,4696
17:12:48.695439,575,4724
17:12:48.695439,574,4744
17:12:48.747781,575,4848
17:12:48.747781,574,4893
17:12:48.747781,574,4841
17:12:48.800240,574,4579
17:12:48.800240,574,4420
17:12:48.852466,575,3800
17:12:48.852466,575,3809
17:12:48.852466,575,3988
17:12:48.904722,575,4007
17:12:48.904722,574,4015
17:12:48.904722,575,4052
17:12:48.904722,575,4074
17:12:48.904722,575,4111
17:12:48.957443,575,4144
17:12:49.009708,575,4258
17:12:49.061636,575,4196
17:12:49.061636,575,4074
17:12:49.113959,575,3854
17:12:49.165944,575,4064
17:12:49.218134,575,4300
17:12:49.218134,575,4287
17:12:49.270728,575,4179
17:12:49.270728,575,4274
17:12:49.270728,575,4588
17:12:49.323435,575,4759
17:12:49.323435,575,4910
17:12:49.375778,575,4972
17:12:49.375778,575,4941
17:12:49.428350,575,4885
17:12:49.428350,575,4882
17:12:49.428350,575,4868
17:12:49.480683,575,4839
17:12:49.480683,575,4844
17:12:49.480683,575,4867
17:12:49.533382,575,4897
17:12:49.533382,575,4916
17:12:49.533382,575,4905
17:12:49.585910,575,4874
17:12:49.585910,575,4804
17:12:49.585910,575,4776
17:12:49.638436,575,4730
17:12:49.638436,575,4726
17:12:49.690732,575,4837
17:12:49.690732,575,4852
17:12:49.690732,575,5035
17:12:49.743014,575,5169
17:12:49.743014,575,5147
17:12:49.795492,575,4724
17:12:49.847453,575,3929
17:12:49.847453,575,3832
17:12:49.847453,575,3859
17:12:49.899636,575,3681
17:12:49.899636,575,3596
17:12:49.899636,575,3576
17:12:49.951936,575,3552
17:12:49.951936,575,3569
17:12:49.951936,575,3592
17:12:49.951936,575,3670
17:12:50.004742,575,4090
17:12:50.004742,576,4573
17:12:50.057141,576,4670
17:12:50.057141,576,4800
17:12:50.057141,576,5087
17:12:50.109446,576,5148
17:12:50.109446,576,5046
17:12:50.109446,576,5018
17:12:50.109446,576,5001
17:12:50.161866,576,5039
17:12:50.214328,576,5145
17:12:50.214328,576,5058
17:12:50.266621,576,4867
17:12:50.371285,575,4449
17:12:50.371285,575,4593
17:12:50.423500,575,5283
17:12:50.475884,575,5191
17:12:50.475884,575,5244
17:12:50.475884,575,5214
17:12:50.528579,576,5190
17:12:50.528579,576,5189
17:12:50.581117,576,5206
17:12:50.632990,576,5145
17:12:50.632990,576,5112
17:12:50.685462,575,5441
17:12:50.685462,576,5524
17:12:50.737779,576,4993
17:12:50.737779,575,4871
17:12:50.789749,576,4861
17:12:50.841765,576,4083
17:12:50.841765,576,3902
17:12:50.893941,576,4203
17:12:50.945985,576,3935
17:12:50.945985,576,4044
17:12:50.945985,576,4193
17:12:50.945985,576,4288
17:12:51.050262,576,4323
17:12:51.050262,576,4294
17:12:51.050262,576,4273
17:12:51.050262,576,4271
17:12:51.050262,576,4167
17:12:51.103951,577,4130
17:12:51.103951,577,4051
17:12:51.156141,577,3818
17:12:51.156141,577,4175
17:12:51.156141,576,4485
17:12:51.208523,576,4257
17:12:51.208523,576,4395
17:12:51.208523,576,4387
17:12:51.262052,576,4008
17:12:51.262052,576,3978
17:12:51.314369,576,3926
17:12:51.314369,576,3938
17:12:51.314369,576,3964
17:12:51.366691,576,4151
17:12:51.366691,576,4230
17:12:51.418834,576,4651
17:12:51.418834,576,4415
17:12:51.471306,576,4668
17:12:51.523890,576,4456
17:12:51.523890,576,4185
17:12:51.523890,576,4259
17:12:51.576247,576,5204
17:12:51.576247,576,5121
17:12:51.628255,575,4619
17:12:51.628255,576,4429
17:12:51.628255,576,4366
17:12:51.628255,576,4426
17:12:51.680742,576,4603
17:12:51.680742,575,4644
17:12:51.733424,576,5078
17:12:51.785709,576,4964
17:12:51.837710,576,4998
17:12:51.889617,576,4878
17:12:51.889617,576,4914
17:12:51.941588,576,5357
17:12:51.941588,576,5384
17:12:51.941588,575,5339
17:12:51.994314,576,5367
17:12:51.994314,576,5399
17:12:51.994314,576,5414
17:12:51.994314,576,5381
17:12:52.046793,576,4768
17:12:52.098744,576,4907
17:12:52.098744,576,5064
17:12:52.098744,576,5100
17:12:52.151145,576,4986
17:12:52.151145,576,4944
17:12:52.203610,576,5036
17:12:52.203610,576,5038
17:12:52.255873,576,4747
17:12:52.255873,576,4685
17:12:52.255873,576,4644
17:12:52.255873,576,4660
17:12:52.308279,576,4828
17:12:52.308279,576,5101
17:12:52.360551,576,5283
17:12:52.360551,576,5247
17:12:52.360551,576,5129
17:12:52.360551,576,4970
17:12:52.413119,576,4395
17:12:52.413119,576,4277
17:12:52.413119,576,4304
17:12:52.465478,576,4464
17:12:52.465478,576,4517
17:12:52.518024,576,4897
17:12:52.518024,576,4696
17:12:52.570598,576,4546
17:12:52.570598,576,4578
17:12:52.622885,576,4880
17:12:52.675399,576,4914
17:12:52.675399,576,4892
17:12:52.675399,576,4710
17:12:52.728028,576,4551
17:12:52.728028,576,4700
17:12:52.780341,576,4927
17:12:52.780341,576,4968
17:12:52.780341,576,5000
17:12:52.780341,576,4986
17:12:52.832773,576,4987
17:12:52.832773,576,4982
17:12:52.832773,576,4969
17:12:52.885139,576,5033
17:12:52.885139,576,5052
17:12:52.937238,576,5022
17:12:52.937238,576,5047
17:12:52.989532,576,5042
17:12:52.989532,577,5000
17:12:53.042133,577,5000
17:12:53.042133,577,5001
17:12:53.042133,577,4916
17:12:53.094619,577,4892
17:12:53.094619,577,4883
17:12:53.094619,577,4870
17:12:53.147004,577,5125
17:12:53.199129,577,4671
17:12:53.251145,578,4892
17:12:53.251145,578,5085
17:12:53.355078,579,4953
17:12:53.355078,579,4982
17:12:53.407125,580,5805
17:12:53.459287,580,5683
17:12:53.459287,581,5792
17:12:53.511766,581,5580
17:12:53.511766,581,5593
17:12:53.564608,582,5765
17:12:53.564608,582,5937
17:12:53.616914,583,5877
17:12:53.616914,584,5694
17:12:53.669069,585,5254
17:12:53.721185,587,4348
17:12:53.773340,588,5040
17:12:53.773340,589,5020
17:12:53.773340,589,4951
17:12:53.825541,590,5242
17:12:53.825541,592,5888
17:12:53.877603,593,5137
17:12:53.877603,594,5353
17:12:53.877603,595,5154
17:12:53.930074,597,5082
17:12:53.930074,598,5327
17:12:53.930074,598,5512
17:12:53.982790,599,5419
17:12:54.035395,603,5413
17:12:54.035395,603,5237
17:12:54.035395,604,4922
17:12:54.087832,605,5005
17:12:54.087832,606,5109
17:12:54.140105,608,5104
17:12:54.192370,611,4464
17:12:54.192370,611,4873
17:12:54.245037,613,4720
17:12:54.245037,614,4538
17:12:54.245037,614,4622
17:12:54.297420,617,4483
17:12:54.349690,619,3721
17:12:54.349690,620,3503
17:12:54.401783,621,3660
17:12:54.401783,622,3996
17:12:54.454033,624,4266
17:12:54.506305,626,4227
17:12:54.506305,627,4318
17:12:54.558583,629,4061
17:12:54.610618,630,4626
17:12:54.662591,634,4684
17:12:54.662591,635,4728
17:12:54.662591,635,4676
17:12:54.715433,637,3739
17:12:54.715433,638,3784
17:12:54.767992,639,4350
17:12:54.767992,640,3996
17:12:54.767992,640,4108
17:12:54.767992,642,3496
17:12:54.820683,643,3774
17:12:54.820683,644,3571
17:12:54.820683,644,3547
17:12:54.820683,645,3599
17:12:54.873004,646,3827
17:12:54.873004,647,3712
17:12:54.873004,648,3590
17:12:54.925446,650,4002
17:12:54.977845,654,4010
17:12:54.977845,654,3812
17:12:55.030042,656,4233
17:12:55.030042,658,4347
17:12:55.082462,660,4076
17:12:55.082462,661,3610
17:12:55.134737,664,3597
17:12:55.134737,665,3612
17:12:55.134737,665,3559
17:12:55.187199,666,3662
17:12:55.239036,669,3615
17:12:55.239036,670,3592
17:12:55.239036,671,3541
17:12:55.291339,674,3611
17:12:55.395372,679,4582
17:12:55.395372,680,4601
17:12:55.447598,682,4506
17:12:55.447598,684,4780
17:12:55.499899,686,4702
17:12:55.499899,687,4488
17:12:55.499899,687,4378
17:12:55.552632,689,4148
17:12:55.552632,690,4369
17:12:55.552632,690,4731
17:12:55.605090,692,4306
17:12:55.605090,693,4246
17:12:55.605090,694,4334
17:12:55.605090,695,4301
17:12:55.657470,696,4128
17:12:55.657470,697,3988
17:12:55.657470,33466,4075
17:12:55.709766,700,4800
17:12:55.761997,703,4425
17:12:55.761997,703,3995
17:12:55.814342,706,4222
17:12:55.814342,708,4217
17:12:55.866310,709,3764
17:12:55.866310,710,3734
17:12:55.866310,711,3684
17:12:55.918690,712,3551
17:12:55.918690,713,3850
17:12:55.918690,713,3969
17:12:55.971415,716,3947
17:12:55.971415,717,3778
17:12:56.023957,719,3554
17:12:56.023957,720,3373
17:12:56.023957,721,3668
17:12:56.076189,723,3633
17:12:56.076189,724,3646
17:12:56.128306,725,3768
17:12:56.128306,726,3800
17:12:56.128306,726,3907
17:12:56.128306,727,4065
17:12:56.180843,728,3884
17:12:56.180843,729,3576
17:12:56.180843,730,3588
17:12:56.233417,732,2951
17:12:56.233417,732,2895
17:12:56.233417,733,3255
17:12:56.285818,736,3663
17:12:56.285818,736,3726
17:12:56.285818,737,3935
17:12:56.338065,739,4113
17:12:56.338065,740,4232
17:12:56.390210,742,4144
17:12:56.390210,743,4135
17:12:56.390210,744,3954
17:12:56.442574,745,3883
17:12:56.442574,746,3794
17:12:56.442574,747,3645
17:12:56.495355,749,3315
17:12:56.495355,751,3230
17:12:56.547899,753,3146
17:12:56.547899,753,3407
17:12:56.547899,754,3411
17:12:56.600401,755,3394
17:12:56.600401,757,3050
17:12:56.600401,757,2888
17:12:56.652793,758,3115
17:12:56.652793,758,3542
17:12:56.652793,759,3690
17:12:56.705153,761,3854
17:12:56.757505,764,3710
17:12:56.809475,767,2989
17:12:56.809475,767,3026
17:12:56.861608,768,3009
17:12:56.861608,769,2967
17:12:56.861608,769,2940
17:12:56.914000,772,2882
17:12:56.914000,772,2886
17:12:56.966480,773,3277
17:12:56.966480,774,3169
17:12:56.966480,774,3131
17:12:56.966480,775,3153
17:12:57.019180,776,3052
17:12:57.019180,776,2967
17:12:57.019180,777,3022
17:12:57.071676,778,3168
17:12:57.071676,779,3079
17:12:57.071676,780,3208
17:12:57.071676,780,3253
17:12:57.124202,782,3136
17:12:57.176402,786,2819
17:12:57.176402,787,3052
17:12:57.176402,787,3073
17:12:57.228866,785,2661
17:12:57.228866,791,2885
17:12:57.332557,797,2463
17:12:57.332557,797,2357
17:12:57.384820,800,2019
17:12:57.384820,801,2076
17:12:57.437154,805,2092
17:12:57.489169,807,2137
17:12:57.489169,808,2098
17:12:57.541230,810,2218
17:12:57.541230,810,2317
17:12:57.593406,812,2531
17:12:57.593406,812,2731
17:12:57.593406,813,2809
17:12:57.645493,815,2842
17:12:57.645493,817,3247
17:12:57.645493,817,3130
17:12:57.697985,819,2903
17:12:57.697985,821,2860
17:12:57.750241,822,2756
17:12:57.802597,825,2965
17:12:57.802597,826,2924
17:12:57.802597,826,2855
17:12:57.854929,829,2787
17:12:57.854929,830,2480
17:12:57.907008,833,2280
17:12:57.907008,834,2415
17:12:57.959521,838,2244
17:12:58.011994,842,2215
17:12:58.116285,848,2680
17:12:58.116285,849,2732
17:12:58.116285,850,2933
17:12:58.116285,851,3227
17:12:58.168855,852,2945
17:12:58.168855,853,2520
17:12:58.221408,857,2581
17:12:58.273457,860,2300
17:12:58.273457,861,2338
17:12:58.325470,862,2999
17:12:58.325470,863,2643
17:12:58.377679,864,2607
17:12:58.377679,865,2619
17:12:58.377679,865,2605
17:12:58.429944,867,2602
17:12:58.429944,867,2613
17:12:58.534345,871,2538
17:12:58.534345,872,2651
17:12:58.586484,874,2337
17:12:58.586484,875,2234
17:12:58.586484,876,2245
17:12:58.638689,876,2285
17:12:58.638689,878,2279
17:12:58.690830,879,2228
17:12:58.690830,880,2349
17:12:58.743103,881,2638
17:12:58.743103,882,2584
17:12:58.743103,882,2638
17:12:58.795834,883,2269
17:12:58.795834,884,2317
17:12:58.847871,886,1879
17:12:58.847871,887,1913
17:12:58.899960,887,2016
17:12:58.952102,890,2098
17:12:58.952102,890,2335
17:12:59.004739,891,2278
17:12:59.004739,892,2270
17:12:59.004739,892,2281
17:12:59.057458,893,2358
17:12:59.057458,893,2312
17:12:59.057458,894,2244
17:12:59.057458,894,2227
17:12:59.110063,895,2300
17:12:59.110063,896,2268
17:12:59.162286,897,2273
17:12:59.162286,897,2011
17:12:59.162286,897,2201
17:12:59.214986,898,1948
17:12:59.214986,899,1952
17:12:59.267019,899,2355
17:12:59.267019,899,2383
17:12:59.267019,900,2436
17:12:59.319409,900,2445
17:12:59.319409,900,2429
17:12:59.319409,901,2210
17:12:59.371816,901,2285
17:12:59.371816,901,2357
17:12:59.424027,902,2153
17:12:59.476048,902,2420
17:12:59.528446,903,2499
17:12:59.528446,903,2755
17:12:59.632511,904,2032
17:12:59.684548,905,2157
17:12:59.684548,905,2069
17:12:59.736698,905,2104
17:12:59.736698,905,2112
17:12:59.789090,906,2009
17:12:59.789090,906,1961
17:12:59.841186,906,2210
17:12:59.841186,906,2217
17:12:59.893615,906,2400
17:12:59.893615,906,2159
17:12:59.893615,906,2164
17:12:59.946096,907,2147
17:12:59.946096,907,2155
17:13:00.050180,907,2150
17:13:00.102390,908,2299
17:13:00.102390,908,2393
17:13:00.154673,908,2306
17:13:00.154673,907,2321
17:13:00.206763,907,2223
17:13:00.206763,907,2222
17:13:00.258902,908,2211
17:13:00.310855,907,2249
17:13:00.310855,907,2247
17:13:00.310855,907,2206
17:13:00.310855,907,2183
17:13:00.363530,908,2262
17:13:00.363530,908,2237
17:13:00.363530,908,2136
17:13:00.363530,908,2048
17:13:00.363530,907,2045
17:13:00.416348,908,1836
17:13:00.468601,908,2200
17:13:00.520887,908,2036
17:13:00.520887,908,1935
17:13:00.572974,909,1942
17:13:00.572974,908,1960
17:13:00.625348,908,1956
17:13:00.625348,908,1962
17:13:00.677373,909,1871
17:13:00.677373,908,1783
17:13:00.677373,909,1733
17:13:00.729679,908,1665
17:13:00.729679,908,1839
17:13:00.781830,909,1966
17:13:00.781830,908,1953
17:13:00.781830,909,1926
17:13:00.834242,908,2155
17:13:00.886248,909,2098
17:13:00.938780,908,2011
17:13:00.938780,909,1810
17:13:00.938780,909,1802
17:13:00.938780,909,1807
17:13:00.992425,909,1911
17:13:00.992425,910,1861
17:13:01.045161,909,1857
17:13:01.097292,908,1736
17:13:01.097292,908,1713
17:13:01.149687,909,1696
17:13:01.149687,909,1686
17:13:01.201744,910,1687
17:13:01.253940,909,1857
17:13:01.306054,910,1736
17:13:01.306054,909,1736
17:13:01.358254,910,1625
17:13:01.410428,911,1388
17:13:01.410428,911,1393
17:13:01.462648,909,1203
17:13:01.462648,910,1240
17:13:01.462648,910,1049
17:13:01.515321,909,932
17:13:01.567528,910,1276
17:13:01.567528,909,1370
17:13:01.619490,909,1413
17:13:01.619490,909,1365
17:13:01.671747,909,1312
17:13:01.671747,909,1410
17:13:01.671747,910,1374
17:13:01.724185,909,1362
17:13:01.776316,909,1426
17:13:01.776316,909,1410
17:13:01.828586,909,1380
17:13:01.881150,910,1484
17:13:01.881150,909,1678
17:13:01.933476,909,1692
17:13:01.933476,910,1569
17:13:01.985834,909,1505
17:13:02.038034,910,1334
17:13:02.038034,910,1300
17:13:02.090364,910,1294
17:13:02.090364,910,1390
17:13:02.142641,910,1676
17:13:02.142641,909,1633
17:13:02.142641,910,1619
17:13:02.194958,909,1664
17:13:02.194958,910,1698
17:13:02.247439,910,1557
17:13:02.247439,910,1598
17:13:02.247439,910,1615
17:13:02.299814,910,1482
17:13:02.299814,911,1445
17:13:02.352031,910,1550
17:13:02.352031,910,1544
17:13:02.404378,911,1484
17:13:02.457011,910,1596
17:13:02.457011,910,1696
17:13:02.509796,910,1686
17:13:02.509796,910,1686
17:13:02.562020,910,1727
17:13:02.562020,911,1784
17:13:02.562020,910,1833
17:13:02.562020,910,1884
17:13:02.614423,911,1760
17:13:02.614423,910,1730
17:13:02.666765,910,1778
17:13:02.666765,910,1815
17:13:02.666765,910,1898
17:13:02.666765,910,1984
17:13:02.719221,910,1816
17:13:02.771424,910,1033
17:13:02.826700,911,998
17:13:02.879544,910,1303
17:13:02.931589,911,1432
17:13:02.931589,911,1460
17:13:02.931589,911,1376
17:13:02.984016,910,1307
17:13:03.036436,911,1254
17:13:03.036436,909,1430
17:13:03.088828,909,1423
17:13:03.088828,910,1383
17:13:03.088828,910,1312
17:13:03.193307,910,1222
17:13:03.246196,910,1171
17:13:03.246196,910,1168
17:13:03.246196,909,1127
17:13:03.298594,909,1025
17:13:03.298594,910,1013
17:13:03.298594,911,993
17:13:03.350964,909,981
17:13:03.403412,910,1033
17:13:03.403412,910,1041
17:13:03.455661,910,1141
17:13:03.455661,910,1156
17:13:03.507825,909,895
17:13:03.611763,911,1203
17:13:03.611763,910,1311
17:13:03.664234,910,1391
17:13:03.664234,910,1476
17:13:03.716722,909,1849
17:13:03.716722,909,1844
17:13:03.716722,910,1920
17:13:03.768819,909,2254
17:13:03.768819,909,2302
17:13:03.820922,909,2243
17:13:03.820922,909,2270
17:13:03.820922,909,2257
17:13:03.820922,909,2198
17:13:03.873407,909,2134
17:13:03.873407,910,2151
17:13:03.925655,909,2280
17:13:03.978637,909,2168
17:13:04.083522,911,899
17:13:04.083522,910,868
17:13:04.083522,911,831
17:13:04.135753,910,744
17:13:04.135753,911,701
17:13:04.135753,911,685
17:13:04.135753,912,634
17:13:04.188210,916,311
17:13:04.240033,65535,77
17:13:04.240033,65535,43
17:13:04.240033,65535,35
17:13:04.292124,65535,27
17:13:04.292124,65535,32
17:13:04.292124,65535,26
17:13:04.344594,65535,27
17:13:04.344594,65535,30
17:13:04.344594,65535,31
17:13:04.344594,65535,24
17:13:04.449160,65535,19
17:13:04.449160,65535,25
17:13:04.501326,65535,26
17:13:04.553357,65535,28
17:13:04.553357,65535,22
17:13:04.605564,65535,26
17:13:04.605564,65535,34
17:13:04.657671,65535,45
17:13:04.657671,65535,38
17:13:04.657671,65535,37
17:13:04.657671,65535,33
17:13:04.710026,65535,31
17:13:04.710026,65535,30
17:13:04.761927,65535,43
17:13:04.761927,65535,57
17:13:04.815019,930,179
17:13:04.815019,925,219
17:13:04.815019,920,294
17:13:04.867318,918,117
17:13:04.867318,65535,51
17:13:04.919490,65535,28
17:13:04.919490,65535,23
17:13:04.919490,65535,24
17:13:04.971732,65535,33
17:13:04.971732,65535,30
17:13:05.024184,65535,40
17:13:05.076309,925,317
17:13:05.076309,912,804
17:13:05.128621,910,1319
17:13:05.128621,910,1467
17:13:05.233348,910,1544
17:13:05.233348,910,1661
17:13:05.233348,910,1767
17:13:05.285668,909,2087
17:13:05.285668,909,2123
17:13:05.285668,909,2042
17:13:05.389655,909,2162
17:13:05.441735,909,2472
17:13:05.441735,908,2411
17:13:05.441735,909,2368
17:13:05.441735,909,2257
17:13:05.494480,909,1744
17:13:05.494480,910,968
17:13:05.601086,65535,32
17:13:05.601086,65535,21
17:13:05.601086,65535,27
17:13:05.601086,65535,21
17:13:05.653718,65535,24
17:13:05.653718,65535,26
17:13:05.653718,65535,25
17:13:05.706205,65535,22
17:13:05.706205,65535,25
17:13:05.706205,65535,30
17:13:05.758666,65535,24
17:13:05.758666,65535,30
17:13:05.810643,65535,119
17:13:05.810643,914,381
17:13:05.862646,913,429
17:13:05.862646,913,437
17:13:05.917928,912,556
17:13:05.917928,911,752
17:13:05.970185,910,1235
17:13:05.970185,909,1477
17:13:06.022546,908,1850
17:13:06.074684,908,2480
17:13:06.178407,908,2321
17:13:06.230969,908,2402
17:13:06.230969,908,2349
17:13:06.335655,909,2114
17:13:06.387773,909,2097
17:13:06.387773,909,2109
17:13:06.387773,909,2088
17:13:06.440196,908,2057
17:13:06.440196,908,2092
17:13:06.492503,908,2022
17:13:06.492503,908,2009
17:13:06.492503,908,2057
17:13:06.545147,909,2242
17:13:06.545147,909,2309
17:13:06.597403,908,2389
17:13:06.597403,908,2435
17:13:06.649617,908,2623
17:13:06.649617,908,2356
17:13:06.753711,908,2380
17:13:06.753711,908,2431
17:13:06.805779,908,2370
17:13:06.857818,908,2403
17:13:06.857818,908,2341
17:13:06.857818,908,2294
17:13:06.857818,908,2317
17:13:06.910094,908,2253
17:13:06.910094,908,2261
17:13:06.962343,908,2259
17:13:06.962343,908,2252
17:13:06.962343,908,2284
17:13:07.015053,908,2301
17:13:07.015053,908,2280
17:13:07.067278,908,2305
17:13:07.119245,908,2283
17:13:07.171264,908,2310
17:13:07.171264,908,2402
17:13:07.171264,908,2429
17:13:07.224037,908,2457
17:13:07.224037,908,2506
17:13:07.276192,907,2645
17:13:07.328264,908,2660
17:13:07.328264,908,2395
17:13:07.380422,908,2148
17:13:07.432379,908,2330
17:13:07.432379,908,2362
17:13:07.432379,909,2364
17:13:07.485151,908,2198
17:13:07.485151,908,2218
17:13:07.589138,908,2178
17:13:07.693039,908,2309
17:13:07.693039,908,2312
17:13:07.693039,908,2318
17:13:07.693039,908,2338
17:13:07.745625,908,2264
17:13:07.745625,908,2224
17:13:07.797842,908,2217
17:13:07.797842,908,2334
17:13:07.797842,908,2298
17:13:07.797842,908,2172
17:13:07.850546,908,1882
17:13:07.850546,909,1815
17:13:07.850546,909,1823
17:13:07.902892,909,1847
17:13:07.955441,908,1898
17:13:08.007351,909,1919
17:13:08.059466,909,2129
17:13:08.111552,908,2217
17:13:08.163648,908,2257
17:13:08.215859,908,2078
17:13:08.268004,908,2030
17:13:08.320086,908,2361
17:13:08.320086,908,2367
17:13:08.372359,908,2290
17:13:08.372359,908,2257
17:13:08.424378,908,2245
17:13:08.424378,908,2237
17:13:08.476685,908,2002
17:13:08.476685,908,1988
17:13:08.528803,908,1973
17:13:08.528803,908,2007
17:13:08.580912,909,2000
17:13:08.580912,908,2038
17:13:08.633011,908,2098
17:13:08.633011,909,2097
17:13:08.633011,908,2090
17:13:08.686333,908,2086
17:13:08.686333,908,2092
17:13:08.738686,908,2157
17:13:08.790563,908,1991
17:13:08.790563,908,1996
17:13:08.842755,908,1787
17:13:08.894720,908,1942
17:13:08.894720,908,1964
17:13:08.894720,908,1946
17:13:08.894720,908,1932
17:13:08.947524,908,1893
17:13:08.947524,908,1882
17:13:08.947524,908,1851
17:13:08.947524,908,1847
17:13:09.000320,908,1492
17:13:09.000320,909,1193
17:13:09.052618,908,1600
17:13:09.052618,908,1759
17:13:09.052618,908,2000
17:13:09.105152,909,2016
17:13:09.105152,909,2116
17:13:09.157366,909,1820
17:13:09.157366,909,1835
17:13:09.244694,909,1821
17:13:09.244694,909,1818
17:13:09.244694,909,1811
17:13:09.244694,909,1876
17:13:09.244694,909,2000
17:13:09.300183,909,1980
17:13:09.352423,909,2049
17:13:09.352423,909,1969
17:13:09.352423,909,1908
17:13:09.404975,909,1777
17:13:09.404975,909,1704
17:13:09.457628,909,1680
17:13:09.457628,909,1700
17:13:09.457628,909,1711
17:13:09.511393,909,1738
17:13:09.563491,910,1671
17:13:09.615303,910,1718
17:13:09.615303,910,1742
17:13:09.615303,910,1647
17:13:09.668219,910,1647
17:13:09.668219,911,1626
17:13:09.668219,910,1631
17:13:09.720864,910,1698
17:13:09.720864,910,1679
17:13:09.720864,910,1665
17:13:09.720864,911,1703
17:13:09.773434,911,1670
17:13:09.773434,911,1652
17:13:09.825519,910,1667
17:13:09.825519,911,1662
17:13:09.825519,911,1688
17:13:09.877729,910,1602
17:13:09.877729,911,1527
17:13:09.929870,911,1701
17:13:09.982110,911,1257
17:13:09.982110,911,942
17:13:09.982110,911,775
17:13:10.034853,914,624
17:13:10.034853,912,874
17:13:10.086875,912,1233
17:13:10.086875,913,1366
17:13:10.138961,912,2005
17:13:10.190954,911,2248
17:13:10.190954,911,2401
17:13:10.190954,911,2444
17:13:10.243385,912,2328
17:13:10.243385,913,2403
17:13:10.295556,913,2213
17:13:10.347515,913,2322
17:13:10.347515,914,2362
17:13:10.399891,915,1933
17:13:10.399891,915,1818
17:13:10.452262,915,1862
17:13:10.452262,916,1866
17:13:10.452262,916,1869
17:13:10.504996,917,1763
17:13:10.504996,916,1706
17:13:10.504996,916,1684
17:13:10.504996,917,1652
17:13:10.557499,918,1503
17:13:10.557499,919,1543
17:13:10.557499,919,1324
17:13:10.557499,919,1061
17:13:10.610138,919,1097
17:13:10.610138,920,878
17:13:10.610138,921,705
17:13:10.662662,925,339
17:13:10.662662,927,229
17:13:10.715208,927,342
17:13:10.767281,925,1537
17:13:10.767281,927,1597
17:13:10.871435,931,1684
17:13:10.871435,932,1867
17:13:10.871435,932,1885
17:13:10.923859,934,2113
17:13:10.923859,934,2066
17:13:10.923859,936,2017
17:13:10.976192,937,2115
17:13:10.976192,938,2064
17:13:10.976192,938,2066
17:13:11.028639,940,2154
17:13:11.028639,942,1956
17:13:11.080888,944,2123
17:13:11.080888,946,2284
17:13:11.133095,948,2035
17:13:11.185185,950,1952
17:13:11.185185,952,2081
17:13:11.237601,955,2029
17:13:11.237601,957,2084
17:13:11.289905,959,1944
17:13:11.289905,959,2068
17:13:11.289905,960,2149
17:13:11.342222,963,1971
17:13:11.342222,963,2040
17:13:11.342222,964,2112
17:13:11.394764,966,2140
17:13:11.394764,967,2048
17:13:11.394764,968,2066
17:13:11.447408,970,1918
17:13:11.447408,971,1904
17:13:11.447408,972,1801
17:13:11.499704,973,1667
17:13:11.499704,974,1492
17:13:11.551818,980,1087
17:13:11.603808,982,755
17:13:11.603808,984,779
17:13:11.603808,986,708
17:13:11.656263,988,545
17:13:11.656263,990,478
17:13:11.656263,992,531
17:13:11.708921,993,697
17:13:11.708921,994,770
17:13:11.708921,995,829
17:13:11.761314,999,1417
17:13:11.761314,999,1324
17:13:11.813446,1000,1542
17:13:11.813446,1003,1746
17:13:11.865542,1006,1392
17:13:11.865542,1007,1289
17:13:11.917814,1009,768
17:13:11.917814,1010,869
17:13:11.917814,1010,827
17:13:11.970303,1015,599
17:13:12.022393,1020,758
17:13:12.022393,1021,720
17:13:12.074669,1025,599
17:13:12.074669,1026,431
17:13:12.126665,1030,298
17:13:12.126665,1032,196
17:13:12.126665,1032,180
17:13:12.178868,1032,245
17:13:12.178868,1035,296
17:13:12.178868,1036,301
17:13:12.231338,1040,307
17:13:12.231338,1040,270
17:13:12.387213,1055,535
17:13:12.387213,1055,564
17:13:12.387213,1058,394
17:13:12.439801,1057,254
17:13:12.439801,1057,109
17:13:12.439801,65535,99
17:13:12.493917,65535,44
17:13:12.545872,65535,54
17:13:12.545872,65535,52
17:13:12.598199,65535,60
17:13:12.598199,65535,65
17:13:12.598199,65535,61
17:13:12.598199,65535,69
17:13:12.650746,65535,76
17:13:12.650746,65535,62
17:13:12.650746,65535,58
17:13:12.703147,65535,12
17:13:12.703147,65535,8
17:13:12.755431,65535,14
17:13:12.755431,65535,8
17:13:12.807644,65535,14
17:13:12.807644,65535,7
17:13:12.807644,65535,11
17:13:12.860192,65535,11
17:13:12.860192,65535,15
17:13:12.860192,65535,14
17:13:12.860192,65535,17
17:13:12.912754,65535,33
17:13:12.964875,65535,68
17:13:12.964875,65535,79
17:13:13.068755,1108,188
17:13:13.120842,1108,104
17:13:13.120842,65535,99
17:13:13.173027,65535,57
17:13:13.173027,65535,52
17:13:13.225601,65535,44
17:13:13.225601,65535,58
17:13:13.225601,65535,63
17:13:13.277852,65535,82
17:13:13.277852,65535,79
17:13:13.277852,65535,87
17:13:13.277852,65535,83
17:13:13.330325,65535,50
17:13:13.330325,65535,41
17:13:13.330325,65535,29
17:13:13.382851,65535,25
17:13:13.382851,65535,27
17:13:13.382851,65535,52
17:13:13.435424,65535,93
17:13:13.435424,65535,190
17:13:13.435424,1129,232
17:13:13.487793,1133,251
17:13:13.487793,65535,77
17:13:13.539818,65535,60
17:13:13.539818,65535,62
17:13:13.539818,65535,53
17:13:13.592146,65535,54
17:13:13.592146,65535,31
17:13:13.592146,65535,36
17:13:13.644553,65535,44
17:13:13.644553,65535,35
17:13:13.696849,65535,25
17:13:13.696849,65535,12
17:13:13.749035,65535,11
17:13:13.749035,65535,13
17:13:13.749035,65535,2
17:13:13.749035,65535,4
17:13:13.801574,65535,2
17:13:13.801574,65535,3
17:13:13.801574,65535,8
17:13:13.854373,65535,17
17:13:13.854373,65535,15
17:13:13.854373,65535,14
17:13:13.909816,65535,10
17:13:13.909816,65535,6
17:13:13.909816,65535,5
17:13:13.962197,65535,12
17:13:13.962197,65535,14
17:13:13.962197,65535,10
17:13:14.014856,65535,12
17:13:14.014856,65535,15
17:13:14.014856,65535,12
17:13:14.067108,65535,13
17:13:14.119208,65535,10
17:13:14.119208,65535,13
17:13:14.119208,65535,13
17:13:14.275495,65535,53
17:13:14.327616,1180,146
17:13:14.327616,65535,80
17:13:14.379808,65535,41
17:13:14.379808,65535,33
17:13:14.432154,65535,24
17:13:14.432154,65535,29
17:13:14.484669,65535,39
17:13:14.484669,65535,38
17:13:14.484669,65535,38
17:13:14.484669,65535,38
17:13:14.537270,65535,35
17:13:14.537270,65535,38
17:13:14.589411,65535,29
17:13:14.641648,65535,17
17:13:14.641648,65535,33
17:13:14.694164,65535,35
17:13:14.694164,65535,40
17:13:14.798118,65535,18
17:13:14.850339,65535,24
17:13:14.850339,65535,16
17:13:14.850339,65535,21
17:13:14.902572,65535,12
17:13:14.902572,65535,18
17:13:14.902572,65535,16
17:13:14.954987,65535,16
17:13:14.954987,65535,15
17:13:14.954987,65535,17
17:13:14.954987,65535,18
17:13:14.954987,65535,20
17:13:15.008338,65535,17
17:13:15.008338,65535,20
17:13:15.060794,65535,16
17:13:15.060794,65535,23
17:13:15.112934,65535,7
17:13:15.165188,65535,7
17:13:15.165188,65535,12
17:13:15.165188,65535,4
17:13:15.217816,65535,4
17:13:15.217816,65535,14
17:13:15.217816,65535,10
17:13:15.270239,65535,9
17:13:15.270239,65535,22
17:13:15.270239,65535,18
17:13:15.322615,65535,29
17:13:15.322615,65535,32
17:13:15.322615,65535,25
17:13:15.375027,65535,16
17:13:15.375027,65535,21
17:13:15.479718,65535,15
17:13:15.479718,65535,6
17:13:15.479718,65535,6
17:13:15.531925,65535,9
17:13:15.531925,65535,11
17:13:15.584271,65535,24
17:13:15.584271,65535,18
17:13:15.584271,65535,16
17:13:15.584271,65535,14
17:13:15.637095,65535,23
17:13:15.637095,65535,26
17:13:15.637095,65535,28
17:13:15.637095,65535,29
17:13:15.689573,65535,30
17:13:15.689573,65535,19
17:13:15.741860,65535,17
17:13:15.794191,65535,31
17:13:15.794191,65535,21
17:13:15.794191,65535,30
17:13:15.846598,65535,35
17:13:15.898701,65535,24
17:13:16.002212,65535,34
17:13:16.002212,65535,34
17:13:16.054258,65535,38
17:13:16.106327,65535,25
17:13:16.106327,65535,24
17:13:16.106327,65535,32
17:13:16.106327,65535,18
17:13:16.158956,65535,29
17:13:16.158956,65535,31
17:13:16.158956,65535,33
17:13:16.158956,65535,27
17:13:16.211487,65535,29
17:13:16.211487,65535,40
17:13:16.263933,65535,24
17:13:16.316139,65535,42
17:13:16.316139,65535,40
17:13:16.368398,65535,41
17:13:16.368398,65535,38
17:13:16.368398,65535,31
17:13:16.420754,65535,33
17:13:16.420754,65535,37
17:13:16.473012,65535,39
17:13:16.473012,65535,39
17:13:16.473012,65535,39
17:13:16.473012,65535,44
17:13:16.525665,65535,33
17:13:16.525665,65535,30
17:13:16.577849,65535,29
17:13:16.577849,65535,32
17:13:16.577849,65535,36
17:13:16.630113,65535,80
17:13:16.682214,65535,62
17:13:16.682214,65535,60
17:13:16.734777,65535,84
17:13:16.734777,65535,93
17:13:16.734777,65535,113
17:13:16.787105,1215,133
17:13:16.787105,1215,140
17:13:16.839458,1215,142
17:13:16.839458,1218,201
17:13:16.891662,1228,296
17:13:16.891662,1229,282
17:13:16.944107,1227,262
17:13:16.944107,1228,273
17:13:16.996694,1227,255
17:13:16.996694,1226,244
17:13:17.048976,1224,219
17:13:17.048976,1224,196
17:13:17.101130,1221,208
17:13:17.101130,1220,217
17:13:17.153717,1222,227
17:13:17.153717,1223,210
17:13:17.153717,1223,204
17:13:17.153717,1223,190
17:13:17.206369,1223,204
17:13:17.206369,1222,186
17:13:17.258488,1221,172
17:13:17.310748,1221,147
17:13:17.310748,1221,141
17:13:17.310748,1221,143
17:13:17.363135,1221,162
17:13:17.415387,1219,151
17:13:17.467831,65535,64
17:13:17.467831,65535,76
17:13:17.520261,65535,74
17:13:17.520261,65535,76
17:13:17.520261,65535,67
17:13:17.572593,65535,56
17:13:17.572593,65535,65
17:13:17.572593,65535,87
17:13:17.572593,65535,94
17:13:17.677286,1215,106
17:13:17.729496,1215,121
17:13:17.729496,1215,128
17:13:17.781595,1214,122
17:13:17.781595,1215,133
17:13:17.885822,1216,168
17:13:17.938205,1216,176
17:13:17.938205,1217,185
17:13:17.938205,1216,170
17:13:17.938205,1216,159
17:13:17.990807,1217,118
17:13:18.042853,1217,127
17:13:18.042853,1217,134
17:13:18.095128,1218,163
17:13:18.095128,1217,163
17:13:18.095128,1218,163
17:13:18.147558,1218,143
17:13:18.147558,65535,97
17:13:18.199908,65535,78
17:13:18.199908,65535,80
17:13:18.251993,65535,105
17:13:18.251993,1220,164
17:13:18.304080,1220,176
17:13:18.304080,1221,185
17:13:18.304080,1222,200
17:13:18.356312,1222,175
17:13:18.356312,1222,167
17:13:18.408611,1221,158
17:13:18.408611,1220,171
17:13:18.461205,1220,171
17:13:18.461205,1220,162
17:13:18.513585,1220,138
17:13:18.565707,65535,78
17:13:18.565707,65535,95
17:13:18.565707,65535,114
17:13:18.618140,1208,109
17:13:18.670037,1212,177
17:13:18.774321,1215,113
17:13:18.774321,1214,105
17:13:18.774321,1215,112
17:13:18.826586,1216,125
17:13:18.826586,1215,103
17:13:18.878661,65535,63
17:13:18.878661,65535,63
17:13:18.878661,65535,64
17:13:18.878661,65535,70
17:13:18.931257,65535,59
17:13:18.983322,65535,49
17:13:18.983322,65535,38
17:13:18.983322,65535,44
17:13:19.035643,65535,70
17:13:19.087482,65535,48
17:13:19.087482,65535,53
17:13:19.087482,65535,51
17:13:19.139823,65535,73
17:13:19.139823,65535,83
17:13:19.139823,65535,64
17:13:19.192475,65535,62
17:13:19.192475,65535,71
17:13:19.244691,65535,65
17:13:19.296948,65535,68
17:13:19.296948,65535,65
17:13:19.349017,65535,92
17:13:19.401042,1205,129
17:13:19.453285,65535,58
17:13:19.453285,65535,68
17:13:19.453285,65535,92
17:13:19.505779,1217,142
17:13:19.505779,1217,138
17:13:19.505779,1217,145
17:13:19.558188,65535,79
17:13:19.558188,65535,89
17:13:19.558188,65535,86
17:13:19.610463,1212,115
17:13:19.610463,1212,112
17:13:19.610463,1212,114
17:13:19.610463,1213,106
17:13:19.663035,65535,93
17:13:19.663035,65535,121
17:13:19.715388,1217,173
17:13:19.715388,1217,156
17:13:19.715388,1217,177
17:13:19.767663,1220,189
17:13:19.767663,1220,172
17:13:19.767663,1220,165
17:13:19.819815,1220,150
17:13:19.871741,1220,138
17:13:19.871741,1219,150
17:13:19.871741,1220,149
17:13:19.871741,1220,156
17:13:19.924281,1221,158
17:13:19.924281,1221,157
17:13:19.976562,1222,170
17:13:19.976562,1222,168
17:13:20.028787,1222,156
17:13:20.028787,1222,153
17:13:20.028787,1222,158
17:13:20.081138,1222,161
17:13:20.081138,1222,153
17:13:20.133665,65535,92
17:13:20.133665,65535,74
17:13:20.185909,65535,89
17:13:20.238239,1217,120
17:13:20.238239,1217,128
17:13:20.290529,1217,137
17:13:20.342733,1218,117
17:13:20.342733,1218,125
17:13:20.342733,1218,131
17:13:20.395255,1220,186
17:13:20.447501,1226,239
17:13:20.447501,1227,247
17:13:20.447501,1226,239
17:13:20.500159,1227,143
17:13:20.552262,1226,162
17:13:20.552262,1226,185
17:13:20.604319,65535,66
17:13:20.656557,65535,57
17:13:20.656557,65535,81
17:13:20.709069,65535,59
17:13:20.709069,65535,62
17:13:20.761138,65535,60
17:13:20.761138,65535,51
17:13:20.813167,65535,37
17:13:20.813167,65535,40
17:13:20.813167,65535,39
17:13:20.865761,65535,34
17:13:20.865761,65535,25
17:13:20.917840,65535,26
17:13:20.917840,65535,16
17:13:20.970083,65535,2
17:13:20.970083,65535,11
17:13:21.074221,65535,13
17:13:21.074221,65535,8
17:13:21.126612,65535,14
17:13:21.126612,65535,14
17:13:21.179140,65535,8
17:13:21.179140,65535,15
17:13:21.231459,65535,12
17:13:21.231459,65535,16
17:13:21.231459,65535,14
17:13:21.283940,65535,12
17:13:21.283940,65535,11
17:13:21.336002,65535,14
17:13:21.336002,65535,13
17:13:21.336002,65535,14
17:13:21.388193,65535,19
17:13:21.440172,65535,15
17:13:21.440172,65535,12
17:13:21.492602,65535,15
17:13:21.492602,65535,17
17:13:21.544982,65535,12
17:13:21.544982,65535,17
17:13:21.597205,65535,10
17:13:21.597205,65535,17
17:13:21.597205,65535,11
17:13:21.701597,65535,65
17:13:21.701597,65535,75
17:13:21.701597,65535,67
17:13:21.753914,65535,81
17:13:21.753914,65535,81
17:13:21.753914,65535,83
17:13:21.806095,65535,85
17:13:21.806095,65535,72
17:13:21.858129,65535,67
17:13:21.858129,65535,68
17:13:21.858129,65535,56
17:13:21.910389,65535,61
17:13:21.910389,65535,57
17:13:21.910389,65535,60
17:13:21.962933,65535,30
17:13:21.962933,65535,27
17:13:22.015344,65535,24
17:13:22.015344,65535,23
17:13:22.067673,65535,21
17:13:22.067673,65535,30
17:13:22.067673,65535,34
17:13:22.119925,65535,121
17:13:22.119925,1258,134
17:13:22.119925,1260,160
17:13:22.172317,1270,252
17:13:22.172317,1276,170
17:13:22.224493,65535,88
17:13:22.224493,65535,55
17:13:22.276575,65535,29
17:13:22.276575,65535,27
17:13:22.276575,65535,33
17:13:22.328828,65535,49
17:13:22.328828,65535,57
17:13:22.380791,65535,68
17:13:22.380791,65535,75
17:13:22.380791,65535,85
17:13:22.433039,65535,80
17:13:22.433039,65535,81
17:13:22.433039,65535,90
17:13:22.485478,65535,93
17:13:22.485478,65535,96
17:13:22.485478,65535,85
17:13:22.537702,65535,90
17:13:22.537702,65535,96
17:13:22.537702,65535,90
17:13:22.589869,65535,98
17:13:22.641925,65535,94
17:13:22.641925,65535,89
17:13:22.641925,65535,88
17:13:22.746221,65535,34
17:13:22.746221,65535,30
17:13:22.746221,65535,17
17:13:22.746221,65535,34
17:13:22.798567,65535,33
17:13:22.798567,65535,45
17:13:22.798567,65535,48
17:13:22.850750,65535,37
17:13:22.902778,65535,19
17:13:22.902778,65535,26
17:13:22.955208,65535,43
17:13:22.955208,65535,60
17:13:23.007647,65535,68
17:13:23.007647,65535,73
17:13:23.007647,65535,73
17:13:23.111828,65535,101
17:13:23.111828,1272,112
17:13:23.111828,1267,122
17:13:23.164594,1259,130
17:13:23.164594,1237,148
17:13:23.218932,1208,158
17:13:23.271029,1169,157
17:13:23.271029,1157,150
17:13:23.324965,1154,151
17:13:23.324965,1153,144
17:13:23.324965,1154,137
17:13:23.377717,1154,135
17:13:23.377717,1155,130
17:13:23.377717,1156,130
17:13:23.430234,1159,129
17:13:23.430234,1161,129
17:13:23.430234,1168,120
17:13:23.482795,1173,122
17:13:23.482795,1176,121
17:13:23.535162,1175,136
17:13:23.535162,1175,142
17:13:23.535162,1174,143
17:13:23.587459,1175,136
17:13:23.587459,1175,139
17:13:23.640199,1174,140
17:13:23.640199,1173,136
17:13:23.640199,1173,138
17:13:23.692817,1169,148
17:13:23.746361,1162,132
17:13:23.746361,1164,124
17:13:23.850393,65535,65
17:13:23.902556,65535,59
17:13:23.902556,65535,60
17:13:23.902556,65535,62
17:13:23.902556,65535,65
17:13:23.955128,65535,71
17:13:23.955128,65535,74
17:13:24.007331,65535,76
17:13:24.007331,65535,79
17:13:24.007331,65535,79
17:13:24.007331,65535,82
17:13:24.059967,65535,72
17:13:24.059967,65535,62
17:13:24.059967,65535,65
17:13:24.112137,65535,65
17:13:24.164162,65535,54
17:13:24.164162,65535,47
17:13:24.164162,65535,57
17:13:24.216600,65535,57
17:13:24.216600,65535,58
17:13:24.216600,65535,63
17:13:24.268964,65535,57
17:13:24.268964,65535,65
17:13:24.321216,65535,69
17:13:24.321216,65535,65
17:13:24.321216,65535,61
17:13:24.373882,65535,58
17:13:24.373882,65535,55
17:13:24.373882,65535,48
17:13:24.373882,65535,46
17:13:24.426406,65535,34
17:13:24.426406,65535,34
17:13:24.426406,65535,35
17:13:24.478977,65535,41
17:13:24.478977,65535,49
17:13:24.531125,65535,49
17:13:24.531125,65535,50
17:13:24.583416,65535,50
17:13:24.583416,65535,50
17:13:24.635683,65535,63
17:13:24.687995,65535,57
17:13:24.687995,65535,57
17:13:24.687995,65535,59
17:13:24.740368,65535,69
17:13:24.792338,65535,61
17:13:24.792338,65535,63
17:13:24.792338,65535,60
17:13:24.844669,65535,65
17:13:24.844669,65535,65
17:13:24.896862,65535,59
17:13:24.896862,65535,63
17:13:24.949499,65535,71
17:13:24.949499,65535,77
17:13:25.001888,65535,95
17:13:25.001888,65535,82
17:13:25.001888,65535,77
17:13:25.054439,65535,70
17:13:25.054439,65535,54
17:13:25.054439,65535,53
17:13:25.106704,65535,57
17:13:25.106704,65535,62
17:13:25.158838,65535,58
17:13:25.158838,65535,59
17:13:25.158838,65535,60
17:13:25.211244,65535,68
17:13:25.211244,65535,57
17:13:25.211244,65535,63
17:13:25.263782,65535,72
17:13:25.263782,65535,78
17:13:25.315983,65535,87
17:13:25.315983,65535,74
17:13:25.420043,65535,73
17:13:25.420043,65535,69
17:13:25.472432,65535,53
17:13:25.472432,65535,55
17:13:25.524754,65535,66
17:13:25.524754,65535,67
17:13:25.524754,65535,61
17:13:25.577039,65535,60
17:13:25.629272,65535,63
17:13:25.629272,65535,72
17:13:25.681400,65535,63
17:13:25.681400,65535,70
17:13:25.681400,65535,62
17:13:25.785439,65535,190
17:13:25.785439,65535,62
17:13:25.837583,65535,21
17:13:25.837583,65535,11
17:13:25.891022,65535,13
17:13:25.891022,65535,9
17:13:25.891022,65535,9
17:13:25.891022,65535,21
17:13:25.943955,65535,21
17:13:25.943955,65535,19
17:13:25.943955,65535,20
17:13:25.996310,65535,16
17:13:26.048421,65535,13
17:13:26.100475,65535,23
17:13:26.100475,65535,22
17:13:26.100475,65535,29
17:13:26.100475,65535,32795
17:13:26.204824,65535,44
17:13:26.204824,65535,48
17:13:26.204824,65535,51
17:13:26.256911,65535,52
17:13:26.256911,65535,59
17:13:26.256911,65535,43
17:13:26.256911,65535,46
17:13:26.309378,65535,48
17:13:26.309378,65535,56
17:13:26.309378,65535,46
17:13:26.309378,65535,45
17:13:26.362034,65535,45
17:13:26.362034,65535,51
17:13:26.362034,65535,55
17:13:26.414543,65535,59
17:13:26.414543,65535,65
17:13:26.414543,65535,54
17:13:26.414543,65535,60
17:13:26.467219,65535,62
17:13:26.467219,65535,62
17:13:26.519415,65535,32820
17:13:26.519415,65535,51
17:13:26.519415,65535,48
17:13:26.519415,65535,46
17:13:26.571762,65535,45
17:13:26.571762,65535,55
17:13:26.571762,65535,56
17:13:26.624226,65535,51
17:13:26.624226,65535,58
17:13:26.676769,65535,50
17:13:26.676769,65535,50
17:13:26.676769,65535,51
17:13:26.729062,65535,34
17:13:26.729062,65535,32
17:13:26.729062,65535,25
17:13:26.729062,65535,18
17:13:26.781699,65535,13
17:13:26.781699,65535,13
17:13:26.781699,65535,8
17:13:26.781699,65535,8
17:13:26.834479,65535,12
17:13:26.834479,65535,6
17:13:26.834479,65535,9
17:13:26.886962,65535,10
17:13:26.939153,65535,9
17:13:26.939153,65535,14
17:13:26.939153,65535,8
17:13:26.991908,65535,20
17:13:26.991908,65535,20
17:13:27.044323,65535,11
17:13:27.044323,65535,11
17:13:27.044323,65535,15
17:13:27.096868,65535,18
17:13:27.096868,65535,14
17:13:27.149910,65535,16
17:13:27.149910,65535,21
17:13:27.149910,65535,18
17:13:27.202630,65535,17
17:13:27.202630,65535,10
17:13:27.255030,65535,17
17:13:27.255030,65535,11
17:13:27.359074,65535,24
17:13:27.359074,65535,20
17:13:27.359074,65535,23
17:13:27.411384,65535,27
17:13:27.411384,65535,36
17:13:27.464064,65535,51
17:13:27.464064,65535,48
17:13:27.464064,65535,46
17:13:27.464064,65535,53
17:13:27.516531,65535,65
17:13:27.516531,65535,56
17:13:27.568612,65535,61
17:13:27.568612,65535,56
17:13:27.568612,65535,62
17:13:27.620938,65535,61
17:13:27.673111,65535,61
17:13:27.673111,65535,59
17:13:27.725075,65535,56
17:13:27.725075,65535,58
17:13:27.777246,65535,60
17:13:27.777246,65535,54
17:13:27.829531,65535,55
17:13:27.829531,65535,57
17:13:27.881715,65535,64
17:13:27.881715,65535,60
17:13:27.881715,65535,58
17:13:27.934327,65535,59
17:13:27.934327,65535,58
17:13:27.986406,65535,63
17:13:27.986406,65535,63
17:13:27.986406,65535,63
17:13:27.986406,65535,67
17:13:28.038817,65535,59
17:13:28.038817,65535,65
17:13:28.038817,65535,58
17:13:28.091084,65535,64
17:13:28.091084,65535,63
17:13:28.143382,65535,67
17:13:28.143382,65535,61
17:13:28.196413,65535,65
17:13:28.196413,65535,62
17:13:28.196413,65535,56
17:13:28.196413,65535,65
17:13:28.250062,65535,61
17:13:28.301901,65535,57
17:13:28.301901,65535,65
17:13:28.354221,65535,52
17:13:28.354221,65535,57
17:13:28.406596,65535,56
17:13:28.406596,65535,56
17:13:28.459070,65535,58
17:13:28.562701,65535,49
17:13:28.562701,65535,46
17:13:28.615027,65535,50
17:13:28.615027,65535,57
17:13:28.615027,65535,48
17:13:28.667270,65535,48
17:13:28.719384,65535,35
17:13:28.719384,65535,37
17:13:28.771491,65535,46
17:13:28.771491,65535,51
17:13:28.823763,65535,51
17:13:28.823763,65535,48
17:13:28.875864,65535,42
17:13:28.927655,65535,52
17:13:28.927655,65535,49
17:13:28.980928,65535,60
17:13:28.980928,65535,53
17:13:28.980928,65535,49
17:13:29.033139,65535,44
17:13:29.033139,65535,49
17:13:29.033139,65535,51
17:13:29.085577,65535,50
17:13:29.085577,65535,57
17:13:29.085577,65535,45
17:13:29.137837,65535,43
17:13:29.137837,65535,49
17:13:29.137837,65535,43
17:13:29.137837,65535,49
17:13:29.137837,65535,46
17:13:29.190466,65535,46
17:13:29.242557,65535,46
17:13:29.242557,65535,44
17:13:29.242557,65535,52
17:13:29.295206,65535,56
17:13:29.295206,65535,54
17:13:29.347353,65535,46
17:13:29.347353,65535,40
17:13:29.347353,65535,46
17:13:29.347353,65535,46
17:13:29.399625,65535,35
17:13:29.451672,65535,38
17:13:29.451672,65535,35
17:13:29.504012,65535,33
17:13:29.504012,65535,32
17:13:29.556033,65535,32
17:13:29.556033,65535,44
17:13:29.556033,65535,42
17:13:29.608384,65535,53
17:13:29.608384,65535,58
17:13:29.608384,65535,63
17:13:29.660955,65535,63
17:13:29.660955,65535,68
17:13:29.660955,65535,66
17:13:29.713295,65535,55
17:13:29.713295,65535,64
17:13:29.713295,65535,67
17:13:29.765689,65535,64
17:13:29.817919,65535,62
17:13:29.870175,65535,63
17:13:29.870175,65535,73
17:13:29.870175,65535,71
17:13:29.922513,65535,73
17:13:29.922513,65535,84
17:13:29.975265,65535,83
17:13:29.975265,65535,82
17:13:29.975265,65535,79
17:13:30.027583,65535,80
17:13:30.027583,65535,83
17:13:30.027583,65535,88
17:13:30.131550,1297,118
17:13:30.131550,1295,125
17:13:30.131550,1289,115
17:13:30.184123,1283,115
17:13:30.184123,1281,116
17:13:30.184123,1279,117
17:13:30.236532,1273,115
17:13:30.288531,1274,100
17:13:30.288531,65535,92
17:13:30.340944,65535,94
17:13:30.340944,65535,92
17:13:30.393114,65535,92
17:13:30.393114,65535,95
17:13:30.445610,1295,108
17:13:30.497647,1280,112
17:13:30.497647,1278,118
17:13:30.549908,1276,108
17:13:30.549908,1276,106
17:13:30.549908,1275,107
17:13:30.549908,1275,105
17:13:30.602314,1276,102
17:13:30.654302,65535,98
17:13:30.654302,65535,93
17:13:30.654302,65535,98
17:13:30.706594,65535,94
17:13:30.706594,65535,90
17:13:30.706594,65535,95
17:13:30.706594,65535,83
17:13:30.759085,65535,76
17:13:30.759085,65535,83
17:13:30.811256,65535,81
17:13:30.863550,65535,89
17:13:30.863550,65535,93
17:13:30.915945,65535,92
17:13:30.915945,65535,86
17:13:30.968340,65535,84
17:13:30.968340,65535,81
17:13:30.968340,65535,77
17:13:30.968340,65535,86
17:13:31.020817,65535,85
17:13:31.020817,65535,84
17:13:31.020817,65535,85
17:13:31.073308,65535,81
17:13:31.073308,65535,87
17:13:31.073308,65535,81
17:13:31.073308,65535,91
17:13:31.125712,65535,82
17:13:31.125712,65535,75
17:13:31.125712,65535,78
17:13:31.178236,65535,79
17:13:31.334152,65535,76
17:13:31.334152,65535,68
17:13:31.386411,65535,74
17:13:31.386411,65535,81
17:13:31.438633,65535,76
17:13:31.438633,65535,68
17:13:31.491028,65535,67
17:13:31.491028,65535,67
17:13:31.491028,65535,67
17:13:31.491028,65535,67
17:13:31.543582,65535,62
17:13:31.543582,65535,59
17:13:31.595811,65535,62
17:13:31.595811,65535,58
17:13:31.648122,65535,67
17:13:31.648122,65535,60
17:13:31.648122,65535,54
17:13:31.648122,65535,62
17:13:31.700941,65535,65
17:13:31.700941,65535,62
17:13:31.700941,65535,62
17:13:31.753378,65535,69
17:13:31.753378,65535,65
17:13:31.805539,65535,65
17:13:31.805539,65535,69
17:13:31.805539,65535,63
17:13:31.857808,65535,65
17:13:31.857808,65535,70
17:13:31.857808,65535,59
17:13:31.962096,65535,59
17:13:31.962096,65535,52
17:13:32.014336,65535,71
17:13:32.014336,65535,62
17:13:32.066719,65535,70
17:13:32.118655,65535,64
17:13:32.118655,65535,60
17:13:32.118655,65535,61
17:13:32.118655,65535,64
17:13:32.171221,65535,63
17:13:32.171221,65535,65
17:13:32.171221,65535,66
17:13:32.223907,65535,64
17:13:32.276109,65535,64
17:13:32.276109,65535,63
17:13:32.276109,65535,72
17:13:32.328453,65535,57
17:13:32.328453,65535,62
17:13:32.328453,65535,63
17:13:32.381085,65535,63
17:13:32.381085,65535,56
